alsphere_ID,strain,ICL_ID,Kingdom,Phylum,Class,Order,Family,Genus,acyl_amino_acids-siderophore,arylpolyene,arylpolyene-ladderane,arylpolyene-nrps,arylpolyene-resorcinol,bacteriocin,butyrolactone,ectoine,hserlactone,ladderane,lantipeptide,lantipeptide-t1pks-nrps,lassopeptide,microviridin,nrps,other,otherks,phenazine,phosphonate,resorcinol,sactipeptide-head_to_tail,siderophore,siderophore-nrps,t1pks,t1pks-nrps,t1pks-otherks,t3pks,terpene,terpene-nrps,thiopeptide
Chlamy10,Chlamy10,ICL_105,Bacteria,Bacteroidetes,Flavobacteriia,Flavobacteriales,Flavobacteriaceae,Chryseobacterium,-,1.0,-,1.0,1.0,4.0,-,-,-,1.0,2.0,-,-,1.0,9.0,2.0,-,-,-,-,-,1.0,-,-,1.0,1.0,-,4.0,1.0,-
Chlamy10,Chlamy10,ICL_105,Bacteria,Proteobacteria,Betaproteobacteria,Burkholderiales,Comamonadaceae,Variovorax,-,1.0,-,1.0,1.0,4.0,-,-,-,1.0,2.0,-,-,1.0,9.0,2.0,-,-,-,-,-,1.0,-,-,1.0,1.0,-,4.0,1.0,-
Chlamy10,Chlamy10,ICL_105,Bacteria,Proteobacteria,Gammaproteobacteria,Pseudomonadales,Pseudomonadaceae,Pseudomonas,-,1.0,-,1.0,1.0,4.0,-,-,-,1.0,2.0,-,-,1.0,9.0,2.0,-,-,-,-,-,1.0,-,-,1.0,1.0,-,4.0,1.0,-
Chlamy100,Chlamy100,ICL_180A,Bacteria,Proteobacteria,Betaproteobacteria,Burkholderiales,Burkholderiaceae,Cupriavidus,-,2.0,1.0,-,-,2.0,-,-,-,-,-,-,-,-,-,2.0,-,1.0,1.0,-,-,2.0,-,-,-,-,-,6.0,-,-
Chlamy102,Chlamy102,ICL_181,Bacteria,Bacteroidetes,Flavobacteriia,Flavobacteriales,Flavobacteriaceae,Chryseobacterium,-,1.0,-,-,-,4.0,-,-,-,-,-,-,-,-,4.0,1.0,-,-,-,-,-,-,-,-,1.0,-,-,-,1.0,-
Chlamy102,Chlamy102,ICL_181,Bacteria,Proteobacteria,Gammaproteobacteria,Pseudomonadales,Pseudomonadaceae,Pseudomonas,-,1.0,-,-,-,4.0,-,-,-,-,-,-,-,-,4.0,1.0,-,-,-,-,-,-,-,-,1.0,-,-,-,1.0,-
Chlamy102,Chlamy102,ICL_181,Bacteria,Proteobacteria,Gammaproteobacteria,Xanthomonadales,Xanthomonadaceae,Stenotrophomonas,-,1.0,-,-,-,4.0,-,-,-,-,-,-,-,-,4.0,1.0,-,-,-,-,-,-,-,-,1.0,-,-,-,1.0,-
Chlamy103,Chlamy103,ICL_182,Bacteria,Bacteroidetes,Flavobacteriia,Flavobacteriales,Flavobacteriaceae,Chryseobacterium,-,-,-,-,1.0,1.0,-,-,-,1.0,2.0,-,-,1.0,7.0,1.0,-,-,-,-,-,1.0,-,-,-,1.0,-,3.0,-,-
Chlamy104,Chlamy104,ICL_183A,Bacteria,Proteobacteria,Betaproteobacteria,Burkholderiales,Burkholderiaceae,Cupriavidus,-,1.0,1.0,-,-,-,-,-,-,-,-,-,-,-,-,1.0,-,1.0,1.0,-,-,1.0,-,-,-,-,-,3.0,-,-
Chlamy106,Chlamy106,ICL_184A,Bacteria,Bacteroidetes,Flavobacteriia,Flavobacteriales,Flavobacteriaceae,Chryseobacterium,-,1.0,-,-,1.0,4.0,-,-,-,1.0,2.0,-,-,1.0,9.0,2.0,-,-,-,-,-,1.0,-,-,-,1.0,-,3.0,1.0,-
Chlamy106,Chlamy106,ICL_184A,Bacteria,Proteobacteria,Gammaproteobacteria,Pseudomonadales,Pseudomonadaceae,Pseudomonas,-,1.0,-,-,1.0,4.0,-,-,-,1.0,2.0,-,-,1.0,9.0,2.0,-,-,-,-,-,1.0,-,-,-,1.0,-,3.0,1.0,-
Chlamy107,Chlamy107,ICL_184BA,Bacteria,Proteobacteria,Gammaproteobacteria,Pseudomonadales,Pseudomonadaceae,Pseudomonas,-,1.0,-,-,-,3.0,-,-,-,-,-,-,-,-,2.0,1.0,-,-,-,-,-,-,-,-,-,-,-,-,1.0,-
Chlamy109,Chlamy109,ICL_185A,Bacteria,Proteobacteria,Betaproteobacteria,Burkholderiales,Burkholderiaceae,Cupriavidus,-,1.0,1.0,-,-,-,-,-,-,-,-,-,-,-,-,1.0,-,1.0,1.0,-,-,1.0,-,-,-,-,-,3.0,-,-
Chlamy11,Chlamy11,ICL_106,Bacteria,Proteobacteria,Alphaproteobacteria,Rhizobiales,Bradyrhizobiaceae,Bosea,-,-,-,-,-,-,-,-,1.0,-,-,-,-,-,-,1.0,-,-,-,-,-,-,-,1.0,1.0,-,-,2.0,-,-
Chlamy111,Chlamy111,ICL_186A,Bacteria,Proteobacteria,Betaproteobacteria,Burkholderiales,Burkholderiaceae,Cupriavidus,-,1.0,-,1.0,-,1.0,-,-,-,-,-,-,-,-,3.0,2.0,-,-,-,-,-,-,-,-,-,-,-,5.0,-,-
Chlamy113,Chlamy113,ICL_187,Bacteria,Actinobacteria,Actinobacteria,Actinomycetales,Micrococcaceae,Arthrobacter,-,-,-,-,-,-,-,-,-,-,-,-,-,-,-,1.0,-,-,-,-,-,1.0,-,-,-,-,1.0,1.0,-,1.0
Chlamy114,Chlamy114,ICL_188,Bacteria,Proteobacteria,Betaproteobacteria,Burkholderiales,Burkholderiaceae,Cupriavidus,-,1.0,1.0,-,-,-,-,-,-,-,-,-,-,-,-,1.0,-,1.0,1.0,-,-,1.0,-,-,-,-,-,3.0,-,-
Chlamy115,Chlamy115,ICL_189,Bacteria,Actinobacteria,Actinobacteria,Actinomycetales,Micrococcaceae,Arthrobacter,-,-,-,-,-,-,-,-,-,-,-,-,-,-,-,1.0,-,-,-,-,-,1.0,-,-,-,-,1.0,1.0,-,1.0
Chlamy116,Chlamy116,ICL_190,Bacteria,Bacteroidetes,Flavobacteriia,Flavobacteriales,Flavobacteriaceae,Chryseobacterium,-,-,-,-,1.0,1.0,-,-,-,1.0,2.0,-,-,1.0,7.0,1.0,-,-,-,-,-,1.0,-,-,-,1.0,-,3.0,-,-
Chlamy117,Chlamy117,ICL_191,Bacteria,Bacteroidetes,Flavobacteriia,Flavobacteriales,Flavobacteriaceae,Chryseobacterium,-,-,-,-,1.0,1.0,-,-,-,1.0,2.0,-,-,1.0,7.0,1.0,-,-,-,-,-,1.0,-,-,-,1.0,-,3.0,-,-
Chlamy118,Chlamy118,ICL_192,Bacteria,Bacteroidetes,Flavobacteriia,Flavobacteriales,Flavobacteriaceae,Chryseobacterium,-,-,-,-,1.0,1.0,-,-,-,1.0,2.0,-,-,1.0,7.0,1.0,-,-,-,-,-,1.0,-,-,-,1.0,-,3.0,-,-
Chlamy119,Chlamy119,ICL_193,Bacteria,Proteobacteria,Betaproteobacteria,Burkholderiales,Burkholderiaceae,Cupriavidus,-,1.0,-,-,-,-,-,-,-,-,-,-,-,-,-,2.0,-,-,-,-,-,-,1.0,-,-,-,-,3.0,-,-
Chlamy12,Chlamy12,ICL_107,Bacteria,Proteobacteria,Betaproteobacteria,Burkholderiales,Comamonadaceae,Variovorax,-,-,-,1.0,-,-,-,-,1.0,-,-,-,-,-,-,-,-,-,-,-,-,-,-,-,1.0,-,-,1.0,-,-
Chlamy120,Chlamy120,ICL_194,Bacteria,Bacteroidetes,Flavobacteriia,Flavobacteriales,Flavobacteriaceae,Chryseobacterium,-,-,-,-,1.0,1.0,-,-,-,1.0,2.0,-,-,1.0,7.0,1.0,-,-,-,-,-,1.0,-,-,-,1.0,-,3.0,-,-
Chlamy121,Chlamy121,ICL_196,Bacteria,Bacteroidetes,Flavobacteriia,Flavobacteriales,Flavobacteriaceae,Chryseobacterium,-,1.0,-,1.0,1.0,3.0,-,-,-,1.0,2.0,-,-,1.0,8.0,4.0,-,-,-,-,-,2.0,-,-,-,1.0,-,6.0,-,-
Chlamy121,Chlamy121,ICL_196,Bacteria,Cyanobacteria/Chloroplast,Cyanobacteria,Family IX,Family IX,GpIX,-,1.0,-,1.0,1.0,3.0,-,-,-,1.0,2.0,-,-,1.0,8.0,4.0,-,-,-,-,-,2.0,-,-,-,1.0,-,6.0,-,-
Chlamy121,Chlamy121,ICL_196,Bacteria,Proteobacteria,Betaproteobacteria,Burkholderiales,Burkholderiaceae,Cupriavidus,-,1.0,-,1.0,1.0,3.0,-,-,-,1.0,2.0,-,-,1.0,8.0,4.0,-,-,-,-,-,2.0,-,-,-,1.0,-,6.0,-,-
Chlamy121,Chlamy121,ICL_196,Bacteria,Proteobacteria,Gammaproteobacteria,Pseudomonadales,Pseudomonadaceae,Pseudomonas,-,1.0,-,1.0,1.0,3.0,-,-,-,1.0,2.0,-,-,1.0,8.0,4.0,-,-,-,-,-,2.0,-,-,-,1.0,-,6.0,-,-
Chlamy122,Chlamy122,ICL_197,Bacteria,Bacteroidetes,Flavobacteriia,Flavobacteriales,Flavobacteriaceae,Chryseobacterium,-,-,-,-,1.0,1.0,-,-,-,1.0,2.0,-,-,1.0,7.0,1.0,-,-,-,-,-,1.0,-,-,-,1.0,-,3.0,-,-
Chlamy123,Chlamy123,ICL_199,Bacteria,Proteobacteria,Gammaproteobacteria,Xanthomonadales,Xanthomonadaceae,Stenotrophomonas,-,1.0,-,-,-,1.0,-,-,-,-,-,-,-,-,1.0,-,-,-,-,-,-,-,-,-,-,-,-,-,-,-
Chlamy124,Chlamy124,ICL_200,Bacteria,Bacteroidetes,Flavobacteriia,Flavobacteriales,Flavobacteriaceae,Chryseobacterium,-,-,-,-,1.0,1.0,-,-,-,1.0,2.0,-,-,1.0,7.0,1.0,-,-,-,-,-,1.0,-,-,-,1.0,-,3.0,-,-
Chlamy125,Chlamy125,ICL_201,Bacteria,Proteobacteria,Gammaproteobacteria,Pseudomonadales,Pseudomonadaceae,Pseudomonas,-,1.0,-,-,-,1.0,-,-,-,-,-,-,-,-,2.0,1.0,-,-,-,-,-,-,-,-,-,-,-,-,-,-
Chlamy126,Chlamy126,ICL_202A,Bacteria,Proteobacteria,Betaproteobacteria,Burkholderiales,Burkholderiaceae,Cupriavidus,-,1.0,-,-,-,-,-,-,-,-,-,-,-,-,6.0,2.0,-,-,-,-,-,-,-,-,-,-,-,2.0,-,-
Chlamy129,Chlamy129,ICL_203,Bacteria,Bacteroidetes,Flavobacteriia,Flavobacteriales,Flavobacteriaceae,Chryseobacterium,-,-,-,-,1.0,1.0,-,-,-,1.0,2.0,-,-,1.0,7.0,1.0,-,-,-,-,-,1.0,-,-,-,1.0,-,3.0,-,-
Chlamy13,Chlamy13,ICL_108,Bacteria,Proteobacteria,Betaproteobacteria,Burkholderiales,Comamonadaceae,Variovorax,-,1.0,-,-,1.0,-,-,-,-,-,-,-,-,-,3.0,1.0,-,-,-,1.0,-,-,-,-,2.0,-,-,1.0,-,-
Chlamy130,Chlamy130,ICL_204,Bacteria,Proteobacteria,Gammaproteobacteria,Xanthomonadales,Xanthomonadaceae,Stenotrophomonas,-,-,-,-,-,1.0,-,-,-,-,-,-,-,-,2.0,-,-,-,-,-,-,-,-,-,1.0,-,-,-,-,-
Chlamy131,Chlamy131,ICL_205,Bacteria,Bacteroidetes,Flavobacteriia,Flavobacteriales,Flavobacteriaceae,Chryseobacterium,-,-,-,-,1.0,1.0,-,-,-,1.0,2.0,-,-,1.0,7.0,1.0,-,-,-,-,-,1.0,-,-,-,1.0,-,3.0,-,-
Chlamy132,Chlamy132,ICL_206,Bacteria,Actinobacteria,Actinobacteria,Actinomycetales,Micrococcaceae,Arthrobacter,-,1.0,1.0,-,-,-,-,-,-,-,-,-,-,-,-,2.0,-,1.0,1.0,-,-,2.0,-,-,-,-,1.0,4.0,-,1.0
Chlamy132,Chlamy132,ICL_206,Bacteria,Proteobacteria,Betaproteobacteria,Burkholderiales,Burkholderiaceae,Cupriavidus,-,1.0,1.0,-,-,-,-,-,-,-,-,-,-,-,-,2.0,-,1.0,1.0,-,-,2.0,-,-,-,-,1.0,4.0,-,1.0
Chlamy133,Chlamy133,ICL_208,Bacteria,Proteobacteria,Alphaproteobacteria,Caulobacterales,Caulobacteraceae,Brevundimonas,-,-,-,-,-,-,-,-,-,-,-,-,2.0,-,-,-,-,-,-,1.0,-,-,-,-,-,-,1.0,-,-,-
Chlamy134,Chlamy134,ICL_208B,Bacteria,Actinobacteria,Actinobacteria,Actinomycetales,Micrococcaceae,Micrococcus,-,-,-,-,-,-,-,2.0,-,-,-,-,-,-,-,1.0,-,-,-,-,-,1.0,-,-,-,-,-,1.0,-,-
Chlamy135,Chlamy135,ICL_20BA,Bacteria,Firmicutes,Bacilli,Bacillales,Bacillaceae,Bacillus,-,-,-,-,-,1.0,-,-,-,-,-,-,-,-,-,-,-,-,-,-,-,1.0,-,-,-,-,1.0,2.0,-,-
Chlamy137,Chlamy137,ICL_21,Bacteria,Bacteroidetes,Flavobacteriia,Flavobacteriales,Flavobacteriaceae,Chryseobacterium,-,-,-,-,1.0,1.0,-,-,-,1.0,2.0,-,-,1.0,7.0,1.0,-,-,-,-,-,1.0,-,-,-,1.0,-,3.0,-,-
Chlamy138,Chlamy138,ICL_210,Bacteria,Proteobacteria,Alphaproteobacteria,Caulobacterales,Caulobacteraceae,Brevundimonas,-,-,-,-,-,-,-,-,-,-,-,-,2.0,-,-,-,-,-,-,1.0,-,-,-,-,-,-,1.0,-,-,-
Chlamy139,Chlamy139,ICL_211,Bacteria,Proteobacteria,Betaproteobacteria,Burkholderiales,Oxalobacteraceae,Massilia,-,-,-,-,-,1.0,-,-,2.0,-,-,-,-,-,-,-,-,-,-,-,-,-,-,-,-,-,-,2.0,-,-
Chlamy14,Chlamy14,ICL_109,Bacteria,Bacteroidetes,Flavobacteriia,Flavobacteriales,Flavobacteriaceae,Chryseobacterium,-,-,-,-,1.0,2.0,-,-,-,1.0,2.0,-,-,1.0,9.0,1.0,-,-,-,-,-,1.0,-,-,1.0,1.0,-,3.0,-,-
Chlamy14,Chlamy14,ICL_109,Bacteria,Proteobacteria,Gammaproteobacteria,Xanthomonadales,Xanthomonadaceae,Stenotrophomonas,-,-,-,-,1.0,2.0,-,-,-,1.0,2.0,-,-,1.0,9.0,1.0,-,-,-,-,-,1.0,-,-,1.0,1.0,-,3.0,-,-
Chlamy140,Chlamy140,ICL_212,Bacteria,Proteobacteria,Alphaproteobacteria,Caulobacterales,Caulobacteraceae,Brevundimonas,-,-,-,-,-,-,-,-,-,-,-,-,3.0,-,-,-,-,-,-,1.0,-,-,-,-,-,-,2.0,-,-,-
Chlamy141,Chlamy141,ICL_213,Bacteria,Proteobacteria,Betaproteobacteria,Burkholderiales,Oxalobacteraceae,Massilia,-,1.0,-,-,-,4.0,-,-,2.0,-,-,-,-,-,2.0,1.0,-,-,-,-,-,-,-,-,-,-,-,2.0,1.0,-
Chlamy141,Chlamy141,ICL_213,Bacteria,Proteobacteria,Gammaproteobacteria,Pseudomonadales,Pseudomonadaceae,Pseudomonas,-,1.0,-,-,-,4.0,-,-,2.0,-,-,-,-,-,2.0,1.0,-,-,-,-,-,-,-,-,-,-,-,2.0,1.0,-
Chlamy142,Chlamy142,ICL_214,Bacteria,Proteobacteria,Alphaproteobacteria,Caulobacterales,Caulobacteraceae,Brevundimonas,-,-,-,-,-,-,-,-,-,-,-,-,2.0,-,-,-,-,-,-,1.0,-,-,-,-,-,-,1.0,-,-,-
Chlamy143,Chlamy143,ICL_216,Bacteria,Proteobacteria,Alphaproteobacteria,Caulobacterales,Caulobacteraceae,Brevundimonas,-,1.0,1.0,-,-,-,-,-,-,-,-,-,2.0,-,-,1.0,-,1.0,1.0,1.0,-,1.0,-,-,-,-,1.0,3.0,-,-
Chlamy143,Chlamy143,ICL_216,Bacteria,Proteobacteria,Betaproteobacteria,Burkholderiales,Burkholderiaceae,Cupriavidus,-,1.0,1.0,-,-,-,-,-,-,-,-,-,2.0,-,-,1.0,-,1.0,1.0,1.0,-,1.0,-,-,-,-,1.0,3.0,-,-
Chlamy144,Chlamy144,ICL_217,Bacteria,Proteobacteria,Betaproteobacteria,Burkholderiales,Oxalobacteraceae,Massilia,-,-,-,-,-,1.0,-,-,2.0,-,-,-,-,-,-,-,-,-,-,-,-,-,-,-,-,-,-,2.0,-,-
Chlamy145,Chlamy145,ICL_218,Bacteria,Proteobacteria,Alphaproteobacteria,Caulobacterales,Caulobacteraceae,Brevundimonas,-,-,-,-,-,-,-,-,-,-,-,-,2.0,-,-,-,-,-,-,1.0,-,-,-,-,-,-,1.0,-,-,-
Chlamy146,Chlamy146,ICL_22A,Bacteria,Proteobacteria,Alphaproteobacteria,Sphingomonadales,Sphingomonadaceae,Sphingopyxis,-,-,-,-,-,2.0,-,-,-,-,-,-,2.0,-,1.0,-,-,-,-,-,-,-,-,-,-,-,1.0,1.0,-,-
Chlamy147,Chlamy147,ICL_22B,Bacteria,Proteobacteria,Alphaproteobacteria,Sphingomonadales,Sphingomonadaceae,Sphingopyxis,-,-,-,-,-,2.0,-,-,-,-,-,-,2.0,-,1.0,-,-,-,-,-,-,-,-,-,-,-,1.0,1.0,-,-
Chlamy148,Chlamy148,ICL_23,Bacteria,Bacteroidetes,Flavobacteriia,Flavobacteriales,Flavobacteriaceae,Chryseobacterium,-,-,-,-,1.0,1.0,-,-,-,1.0,2.0,-,-,1.0,7.0,1.0,-,-,-,-,-,1.0,-,-,-,1.0,-,3.0,-,-
Chlamy149,Chlamy149,ICL_24,Bacteria,Proteobacteria,Betaproteobacteria,Burkholderiales,Oxalobacteraceae,Massilia,-,-,-,-,-,1.0,-,-,2.0,-,-,-,-,-,-,-,-,-,-,-,-,-,-,-,-,-,-,2.0,-,-
Chlamy15,Chlamy15,ICL_110,Bacteria,Bacteroidetes,Flavobacteriia,Flavobacteriales,Flavobacteriaceae,Chryseobacterium,-,4.0,1.0,-,-,1.0,-,-,-,1.0,-,-,-,1.0,7.0,2.0,1.0,1.0,1.0,1.0,-,3.0,-,1.0,-,-,-,6.0,-,-
Chlamy15,Chlamy15,ICL_110,Bacteria,Proteobacteria,Betaproteobacteria,Burkholderiales,Burkholderiaceae,Cupriavidus,-,4.0,1.0,-,-,1.0,-,-,-,1.0,-,-,-,1.0,7.0,2.0,1.0,1.0,1.0,1.0,-,3.0,-,1.0,-,-,-,6.0,-,-
Chlamy150,Chlamy150,ICL_25,Bacteria,Proteobacteria,Alphaproteobacteria,Caulobacterales,Caulobacteraceae,Brevundimonas,-,-,-,-,-,-,-,-,-,-,-,-,2.0,-,-,-,-,-,-,1.0,-,-,-,-,-,-,1.0,-,-,-
Chlamy151,Chlamy151,ICL_26,Bacteria,Proteobacteria,Betaproteobacteria,Burkholderiales,Oxalobacteraceae,Massilia,-,-,-,-,-,1.0,-,-,2.0,-,-,-,-,-,-,-,-,-,-,-,-,-,-,-,-,-,-,2.0,-,-
Chlamy152,Chlamy152,ICL_27,Bacteria,Proteobacteria,Betaproteobacteria,Burkholderiales,Oxalobacteraceae,Massilia,-,-,-,-,-,1.0,-,-,2.0,-,-,-,-,-,-,-,-,-,-,-,-,-,-,-,-,-,-,2.0,-,-
Chlamy153,Chlamy153,ICL_28,Bacteria,Proteobacteria,Betaproteobacteria,Burkholderiales,Oxalobacteraceae,Massilia,-,-,-,-,-,1.0,-,-,2.0,-,-,-,-,-,-,-,-,-,-,-,-,-,-,-,-,-,-,2.0,-,-
Chlamy154,Chlamy154,ICL_29,Bacteria,Proteobacteria,Betaproteobacteria,Burkholderiales,Oxalobacteraceae,Massilia,-,-,-,-,-,1.0,-,-,2.0,-,-,-,-,-,-,-,-,-,-,-,-,-,-,-,-,-,-,2.0,-,-
Chlamy155,Chlamy155,ICL_3,Bacteria,Proteobacteria,Alphaproteobacteria,Sphingomonadales,Sphingomonadaceae,Sphingomonas,-,-,-,-,-,-,-,-,-,-,-,-,-,-,-,-,-,-,-,-,-,-,-,-,-,-,1.0,1.0,-,-
Chlamy156,Chlamy156,ICL_30,Bacteria,Proteobacteria,Betaproteobacteria,Burkholderiales,Oxalobacteraceae,Massilia,-,-,-,-,-,1.0,-,-,2.0,-,-,-,-,-,-,-,-,-,-,-,-,-,-,-,-,-,-,2.0,-,-
Chlamy157,Chlamy157,ICL_31,Bacteria,Proteobacteria,Alphaproteobacteria,Caulobacterales,Caulobacteraceae,Brevundimonas,-,-,-,-,-,-,-,-,-,-,-,-,2.0,-,-,-,-,-,-,1.0,-,-,-,-,-,-,1.0,-,-,-
Chlamy158,Chlamy158,ICL_33A,Bacteria,Bacteroidetes,Flavobacteriia,Flavobacteriales,Flavobacteriaceae,Chryseobacterium,-,2.0,-,-,-,2.0,-,-,1.0,1.0,-,-,1.0,-,1.0,-,-,1.0,1.0,-,-,1.0,-,-,-,-,1.0,4.0,-,-
Chlamy158,Chlamy158,ICL_33A,Bacteria,Proteobacteria,Alphaproteobacteria,Sphingomonadales,Sphingomonadaceae,Sphingopyxis,-,2.0,-,-,-,2.0,-,-,1.0,1.0,-,-,1.0,-,1.0,-,-,1.0,1.0,-,-,1.0,-,-,-,-,1.0,4.0,-,-
Chlamy158,Chlamy158,ICL_33A,Bacteria,Proteobacteria,Betaproteobacteria,Burkholderiales,Burkholderiaceae,Cupriavidus,-,2.0,-,-,-,2.0,-,-,1.0,1.0,-,-,1.0,-,1.0,-,-,1.0,1.0,-,-,1.0,-,-,-,-,1.0,4.0,-,-
Chlamy159,Chlamy159,ICL_34,Bacteria,Proteobacteria,Alphaproteobacteria,Caulobacterales,Caulobacteraceae,Brevundimonas,-,-,-,-,-,-,-,-,-,-,-,-,2.0,-,-,-,-,-,-,1.0,-,-,-,-,-,-,1.0,-,-,-
Chlamy16,Chlamy16,ICL_111A,Bacteria,Proteobacteria,Betaproteobacteria,Burkholderiales,Burkholderiaceae,Cupriavidus,-,1.0,1.0,1.0,-,1.0,-,-,-,-,-,-,-,-,-,3.0,-,1.0,1.0,-,-,2.0,-,-,-,-,-,6.0,-,-
Chlamy160,Chlamy160,ICL_37,Bacteria,Actinobacteria,Actinobacteria,Actinomycetales,Microbacteriaceae,Microbacterium,-,-,-,-,-,-,-,-,1.0,-,-,-,-,-,-,3.0,-,-,-,-,-,-,-,1.0,1.0,-,1.0,3.0,-,-
Chlamy160,Chlamy160,ICL_37,Bacteria,Proteobacteria,Alphaproteobacteria,Rhizobiales,Bradyrhizobiaceae,Bosea,-,-,-,-,-,-,-,-,1.0,-,-,-,-,-,-,3.0,-,-,-,-,-,-,-,1.0,1.0,-,1.0,3.0,-,-
Chlamy161,Chlamy161,ICL_39,Bacteria,Proteobacteria,Alphaproteobacteria,Rhizobiales,Bradyrhizobiaceae,Bosea,-,-,-,-,-,-,-,-,1.0,-,-,-,-,-,-,1.0,-,-,-,-,-,-,-,1.0,1.0,-,-,2.0,-,-
Chlamy162,Chlamy162,ICL_41,Bacteria,Actinobacteria,Actinobacteria,Actinomycetales,Microbacteriaceae,Microbacterium,-,-,-,-,-,-,-,-,-,-,-,-,-,-,-,2.0,-,-,-,-,-,-,-,-,-,-,1.0,1.0,-,-
Chlamy163,Chlamy163,ICL_42A,Bacteria,Bacteroidetes,Flavobacteriia,Flavobacteriales,Flavobacteriaceae,Chryseobacterium,-,1.0,-,-,1.0,3.0,-,-,2.0,1.0,2.0,-,-,1.0,7.0,2.0,-,-,-,-,-,1.0,-,-,-,1.0,1.0,4.0,-,-
Chlamy163,Chlamy163,ICL_42A,Bacteria,Cyanobacteria/Chloroplast,Chloroplast,Chloroplast,Chloroplast,Bacillariophyta,-,1.0,-,-,1.0,3.0,-,-,2.0,1.0,2.0,-,-,1.0,7.0,2.0,-,-,-,-,-,1.0,-,-,-,1.0,1.0,4.0,-,-
Chlamy163,Chlamy163,ICL_42A,Bacteria,Proteobacteria,Alphaproteobacteria,Rhizobiales,Rhizobiaceae,Shinella,-,1.0,-,-,1.0,3.0,-,-,2.0,1.0,2.0,-,-,1.0,7.0,2.0,-,-,-,-,-,1.0,-,-,-,1.0,1.0,4.0,-,-
Chlamy163,Chlamy163,ICL_42A,Bacteria,Proteobacteria,Betaproteobacteria,Burkholderiales,Comamonadaceae,Variovorax,-,1.0,-,-,1.0,3.0,-,-,2.0,1.0,2.0,-,-,1.0,7.0,2.0,-,-,-,-,-,1.0,-,-,-,1.0,1.0,4.0,-,-
Chlamy163,Chlamy163,ICL_42A,Bacteria,Proteobacteria,Gammaproteobacteria,Aeromonadales,Aeromonadaceae,Aeromonas,-,1.0,-,-,1.0,3.0,-,-,2.0,1.0,2.0,-,-,1.0,7.0,2.0,-,-,-,-,-,1.0,-,-,-,1.0,1.0,4.0,-,-
Chlamy164,Chlamy164,ICL_44,Bacteria,Proteobacteria,Alphaproteobacteria,Sphingomonadales,Sphingomonadaceae,Sphingomonas,-,-,-,-,-,-,-,-,-,-,-,-,-,-,-,-,-,-,-,-,-,-,-,-,-,-,1.0,1.0,-,-
Chlamy165,Chlamy165,ICL_48,Bacteria,Proteobacteria,Gammaproteobacteria,Pseudomonadales,Pseudomonadaceae,Pseudomonas,-,1.0,-,-,-,1.0,-,-,-,-,-,-,-,-,2.0,1.0,-,-,-,-,-,-,-,-,-,-,-,-,-,-
Chlamy166,Chlamy166,ICL_49,Bacteria,Bacteroidetes,Flavobacteriia,Flavobacteriales,Flavobacteriaceae,Chryseobacterium,-,-,-,-,1.0,1.0,-,-,-,1.0,2.0,-,-,1.0,7.0,1.0,-,-,-,-,-,1.0,-,-,-,1.0,-,3.0,-,-
Chlamy167,Chlamy167,ICL_50,Bacteria,Proteobacteria,Alphaproteobacteria,Caulobacterales,Caulobacteraceae,Brevundimonas,-,-,-,-,-,-,-,-,-,-,-,-,2.0,-,-,-,-,-,-,1.0,-,-,-,-,-,-,1.0,-,-,-
Chlamy168,Chlamy168,ICL_51,Bacteria,Bacteroidetes,Flavobacteriia,Flavobacteriales,Flavobacteriaceae,Chryseobacterium,-,-,-,-,1.0,2.0,-,-,2.0,1.0,2.0,-,-,1.0,7.0,1.0,-,-,-,-,-,1.0,-,-,-,1.0,-,5.0,-,-
Chlamy168,Chlamy168,ICL_51,Bacteria,Proteobacteria,Betaproteobacteria,Burkholderiales,Oxalobacteraceae,Massilia,-,-,-,-,1.0,2.0,-,-,2.0,1.0,2.0,-,-,1.0,7.0,1.0,-,-,-,-,-,1.0,-,-,-,1.0,-,5.0,-,-
Chlamy169,Chlamy169,ICL_52,Bacteria,Proteobacteria,Alphaproteobacteria,Caulobacterales,Caulobacteraceae,Brevundimonas,-,-,-,-,-,-,-,-,-,-,-,-,2.0,-,-,-,-,-,-,1.0,-,-,-,-,-,-,1.0,-,-,-
Chlamy170,Chlamy170,ICL_53,Bacteria,Actinobacteria,Actinobacteria,Actinomycetales,Microbacteriaceae,Microbacterium,-,-,-,-,-,2.0,-,-,-,-,-,-,1.0,-,1.0,1.0,-,-,-,-,-,-,-,-,-,-,2.0,2.0,-,-
Chlamy170,Chlamy170,ICL_53,Bacteria,Proteobacteria,Alphaproteobacteria,Sphingomonadales,Sphingomonadaceae,Sphingopyxis,-,-,-,-,-,2.0,-,-,-,-,-,-,1.0,-,1.0,1.0,-,-,-,-,-,-,-,-,-,-,2.0,2.0,-,-
Chlamy171,Chlamy171,ICL_54,Bacteria,Proteobacteria,Alphaproteobacteria,Sphingomonadales,Sphingomonadaceae,Sphingomonas,-,-,-,-,-,-,-,-,-,-,-,-,-,-,-,-,-,-,-,-,-,-,-,-,-,-,1.0,1.0,-,-
Chlamy172,Chlamy172,ICL_55,Bacteria,Proteobacteria,Alphaproteobacteria,Rhizobiales,Bradyrhizobiaceae,Bosea,-,-,-,-,-,-,-,-,1.0,-,-,-,-,-,-,1.0,-,-,-,-,-,-,-,1.0,1.0,-,-,2.0,-,-
Chlamy173,Chlamy173,ICL_56,Bacteria,Proteobacteria,Betaproteobacteria,Burkholderiales,Comamonadaceae,Variovorax,-,-,-,1.0,-,-,-,-,1.0,-,-,-,-,-,-,-,-,-,-,-,-,-,-,-,1.0,-,-,1.0,-,-
Chlamy174,Chlamy174,ICL_58,Bacteria,Actinobacteria,Actinobacteria,Actinomycetales,Microbacteriaceae,Microbacterium,-,-,-,-,-,-,-,-,-,-,-,-,-,-,-,2.0,-,-,-,-,-,-,-,-,-,-,1.0,1.0,-,-
Chlamy175,Chlamy175,ICL_59,Bacteria,Actinobacteria,Actinobacteria,Actinomycetales,Microbacteriaceae,Microbacterium,-,-,-,-,-,-,-,-,-,-,-,-,-,-,-,2.0,-,-,-,-,-,-,-,-,-,-,1.0,1.0,-,-
Chlamy176,Chlamy176,ICL_60,Bacteria,Firmicutes,Bacilli,Bacillales,Bacillaceae,Bacillus,-,-,-,-,-,3.0,-,-,-,-,1.0,1.0,-,-,5.0,1.0,-,-,-,-,-,1.0,-,-,-,-,-,1.0,-,-
Chlamy177,Chlamy177,ICL_63A,Bacteria,Proteobacteria,Betaproteobacteria,Burkholderiales,Comamonadaceae,Variovorax,-,-,-,1.0,-,-,-,-,1.0,-,-,-,-,-,-,-,-,-,-,-,-,-,-,-,1.0,-,-,1.0,-,-
Chlamy178,Chlamy178,ICL_63B,Bacteria,Proteobacteria,Betaproteobacteria,Burkholderiales,Comamonadaceae,Variovorax,-,-,-,1.0,-,-,-,-,1.0,-,-,-,-,-,-,-,-,-,-,-,-,-,-,-,1.0,-,-,1.0,-,-
Chlamy179,Chlamy179,ICL_64,Bacteria,Proteobacteria,Alphaproteobacteria,Rhizobiales,Bradyrhizobiaceae,Bosea,-,-,-,-,-,-,-,-,1.0,-,-,-,-,-,-,1.0,-,-,-,-,-,-,-,1.0,1.0,-,-,2.0,-,-
Chlamy180,Chlamy180,ICL_7,Bacteria,Proteobacteria,Alphaproteobacteria,Sphingomonadales,Sphingomonadaceae,Sphingomonas,-,-,-,-,-,-,-,-,-,-,-,-,-,-,-,-,-,-,-,-,-,-,-,-,-,-,1.0,1.0,-,-
Chlamy181,Chlamy181,ICL_71,Bacteria,Proteobacteria,Alphaproteobacteria,Rhizobiales,Bradyrhizobiaceae,Bosea,-,-,-,-,-,-,-,-,1.0,-,-,-,-,-,-,1.0,-,-,-,-,-,-,-,1.0,1.0,-,-,2.0,-,-
Chlamy182,Chlamy182,ICL_72,Bacteria,Proteobacteria,Betaproteobacteria,Burkholderiales,Burkholderiaceae,Cupriavidus,-,1.0,-,-,-,-,-,-,-,-,-,-,-,-,3.0,1.0,-,-,-,-,-,-,-,-,-,-,-,2.0,-,-
Chlamy183,Chlamy183,ICL_73,Bacteria,Proteobacteria,Betaproteobacteria,Burkholderiales,Burkholderiaceae,Cupriavidus,-,1.0,1.0,-,-,-,-,-,-,-,-,-,-,-,-,1.0,-,1.0,1.0,-,-,1.0,-,-,-,-,-,3.0,-,-
Chlamy184,Chlamy184,ICL_74,Bacteria,Bacteroidetes,Flavobacteriia,Flavobacteriales,Flavobacteriaceae,Chryseobacterium,-,2.0,-,-,-,2.0,-,-,2.0,1.0,1.0,-,-,1.0,7.0,1.0,-,-,-,1.0,-,1.0,-,-,-,1.0,-,6.0,-,-
Chlamy184,Chlamy184,ICL_74,Bacteria,Proteobacteria,Betaproteobacteria,Burkholderiales,Oxalobacteraceae,Massilia,-,2.0,-,-,-,2.0,-,-,2.0,1.0,1.0,-,-,1.0,7.0,1.0,-,-,-,1.0,-,1.0,-,-,-,1.0,-,6.0,-,-
Chlamy185,Chlamy185,ICL_75,Bacteria,Bacteroidetes,Flavobacteriia,Flavobacteriales,Flavobacteriaceae,Chryseobacterium,-,-,-,-,1.0,2.0,-,-,2.0,1.0,2.0,-,-,1.0,7.0,1.0,-,-,-,-,-,1.0,-,-,-,1.0,-,5.0,-,-
Chlamy185,Chlamy185,ICL_75,Bacteria,Proteobacteria,Betaproteobacteria,Burkholderiales,Oxalobacteraceae,Massilia,-,-,-,-,1.0,2.0,-,-,2.0,1.0,2.0,-,-,1.0,7.0,1.0,-,-,-,-,-,1.0,-,-,-,1.0,-,5.0,-,-
Chlamy186,Chlamy186,ICL_77,Bacteria,Bacteroidetes,Flavobacteriia,Flavobacteriales,Flavobacteriaceae,Chryseobacterium,-,-,-,-,1.0,1.0,-,-,-,1.0,2.0,-,2.0,1.0,7.0,1.0,-,-,-,1.0,-,1.0,-,-,-,1.0,1.0,3.0,-,-
Chlamy186,Chlamy186,ICL_77,Bacteria,Proteobacteria,Alphaproteobacteria,Caulobacterales,Caulobacteraceae,Brevundimonas,-,-,-,-,1.0,1.0,-,-,-,1.0,2.0,-,2.0,1.0,7.0,1.0,-,-,-,1.0,-,1.0,-,-,-,1.0,1.0,3.0,-,-
Chlamy187,Chlamy187,ICL_78,Bacteria,Proteobacteria,Betaproteobacteria,Burkholderiales,Burkholderiaceae,Cupriavidus,-,-,-,1.0,-,1.0,-,-,-,-,-,-,-,-,-,2.0,-,-,-,-,-,1.0,-,-,-,-,-,3.0,-,-
Chlamy188,Chlamy188,ICL_79,Bacteria,Proteobacteria,Betaproteobacteria,Burkholderiales,Burkholderiaceae,Cupriavidus,-,1.0,1.0,1.0,-,1.0,-,-,-,-,-,-,-,-,-,3.0,-,1.0,1.0,-,-,2.0,-,-,-,-,-,6.0,-,-
Chlamy189,Chlamy189,ICL_80,Bacteria,Bacteroidetes,Flavobacteriia,Flavobacteriales,Flavobacteriaceae,Chryseobacterium,-,-,-,-,1.0,1.0,-,-,-,1.0,2.0,-,-,1.0,7.0,1.0,-,-,-,-,-,1.0,-,-,-,1.0,-,3.0,-,-
Chlamy19,Chlamy19,ICL_112,Bacteria,Proteobacteria,Betaproteobacteria,Burkholderiales,Burkholderiaceae,Cupriavidus,-,1.0,1.0,-,-,-,-,-,-,-,-,-,-,-,-,1.0,-,1.0,1.0,-,-,1.0,-,-,-,-,-,3.0,-,-
Chlamy190,Chlamy190,ICL_81,Bacteria,Proteobacteria,Betaproteobacteria,Burkholderiales,Burkholderiaceae,Cupriavidus,-,1.0,1.0,-,-,-,-,-,-,-,-,-,-,-,-,1.0,-,1.0,1.0,-,-,1.0,-,-,-,-,-,3.0,-,-
Chlamy191,Chlamy191,ICL_82,Bacteria,Proteobacteria,Betaproteobacteria,Burkholderiales,Burkholderiaceae,Cupriavidus,-,2.0,1.0,-,-,-,1.0,-,-,-,-,-,-,-,1.0,1.0,-,1.0,1.0,-,-,1.0,-,-,-,-,-,4.0,-,1.0
Chlamy191,Chlamy191,ICL_82,Bacteria,Proteobacteria,Gammaproteobacteria,Enterobacteriales,Enterobacteriaceae,Pantoea,-,2.0,1.0,-,-,-,1.0,-,-,-,-,-,-,-,1.0,1.0,-,1.0,1.0,-,-,1.0,-,-,-,-,-,4.0,-,1.0
Chlamy192,Chlamy192,ICL_83,Bacteria,Proteobacteria,Gammaproteobacteria,Xanthomonadales,Xanthomonadaceae,Stenotrophomonas,-,1.0,-,-,-,1.0,-,-,-,-,-,-,-,-,1.0,-,-,-,-,-,-,-,-,-,-,-,-,-,-,-
Chlamy193,Chlamy193,ICL_84,Bacteria,Bacteroidetes,Flavobacteriia,Flavobacteriales,Flavobacteriaceae,Chryseobacterium,-,-,-,-,1.0,1.0,-,-,-,1.0,2.0,-,-,1.0,7.0,1.0,-,-,-,-,-,1.0,-,-,-,1.0,-,3.0,-,-
Chlamy194,Chlamy194,ICL_86,Bacteria,Proteobacteria,Betaproteobacteria,Burkholderiales,Comamonadaceae,Variovorax,-,-,-,1.0,-,-,-,-,1.0,-,-,-,-,-,-,-,-,-,-,-,-,-,-,-,1.0,-,-,1.0,-,-
Chlamy195,Chlamy195,ICL_86,Bacteria,Bacteroidetes,Flavobacteriia,Flavobacteriales,Flavobacteriaceae,Chryseobacterium,-,-,-,-,-,-,-,-,-,-,-,-,2.0,-,8.0,1.0,-,-,-,1.0,-,-,-,-,-,-,1.0,-,-,-
Chlamy195,Chlamy195,ICL_86,Bacteria,Proteobacteria,Alphaproteobacteria,Caulobacterales,Caulobacteraceae,Brevundimonas,-,-,-,-,-,-,-,-,-,-,-,-,2.0,-,8.0,1.0,-,-,-,1.0,-,-,-,-,-,-,1.0,-,-,-
Chlamy196,Chlamy196,ICL_87,Bacteria,Proteobacteria,Betaproteobacteria,Burkholderiales,Comamonadaceae,Variovorax,-,-,-,1.0,-,-,-,-,1.0,-,-,-,-,-,-,-,-,-,-,-,-,-,-,-,1.0,-,-,1.0,-,-
Chlamy197,Chlamy197,ICL_88,Bacteria,Bacteroidetes,Flavobacteriia,Flavobacteriales,Flavobacteriaceae,Chryseobacterium,-,-,-,1.0,1.0,1.0,-,-,1.0,1.0,2.0,-,-,1.0,7.0,1.0,-,-,-,-,-,1.0,-,-,1.0,1.0,-,4.0,-,-
Chlamy197,Chlamy197,ICL_88,Bacteria,Proteobacteria,Betaproteobacteria,Burkholderiales,Comamonadaceae,Variovorax,-,-,-,1.0,1.0,1.0,-,-,1.0,1.0,2.0,-,-,1.0,7.0,1.0,-,-,-,-,-,1.0,-,-,1.0,1.0,-,4.0,-,-
Chlamy198,Chlamy198,ICL_89,Bacteria,Proteobacteria,Betaproteobacteria,Burkholderiales,Comamonadaceae,Variovorax,-,-,-,1.0,-,-,-,-,1.0,-,-,-,-,-,-,-,-,-,-,-,-,-,-,-,1.0,-,-,1.0,-,-
Chlamy199,Chlamy199,ICL_9,Bacteria,Proteobacteria,Alphaproteobacteria,Sphingomonadales,Sphingomonadaceae,Sphingomonas,-,-,-,-,-,-,-,-,-,-,-,-,-,-,-,-,-,-,-,-,-,-,-,-,-,-,1.0,1.0,-,-
Chlamy20,Chlamy20,ICL_113A,Bacteria,Proteobacteria,Betaproteobacteria,Burkholderiales,Burkholderiaceae,Cupriavidus,-,1.0,1.0,-,-,-,-,-,-,-,-,-,-,-,-,1.0,-,1.0,1.0,-,-,1.0,-,-,-,-,-,3.0,-,-
Chlamy200,Chlamy200,ICL_90,Bacteria,Proteobacteria,Betaproteobacteria,Burkholderiales,Comamonadaceae,Variovorax,-,-,-,1.0,-,-,-,-,1.0,-,-,-,-,-,-,-,-,-,-,-,-,-,-,-,1.0,-,-,1.0,-,-
Chlamy201,Chlamy201,ICL_91,Bacteria,Proteobacteria,Betaproteobacteria,Burkholderiales,Comamonadaceae,Variovorax,-,-,-,1.0,-,-,-,-,1.0,-,-,-,-,-,-,-,-,-,-,-,-,-,-,-,1.0,-,-,1.0,-,-
Chlamy202,Chlamy202,ICL_92,Bacteria,Proteobacteria,Betaproteobacteria,Burkholderiales,Comamonadaceae,Variovorax,-,-,-,1.0,-,-,-,-,1.0,-,-,-,-,-,-,-,-,-,-,-,-,-,-,-,1.0,-,-,1.0,-,-
Chlamy203,Chlamy203,ICL_93,Bacteria,Bacteroidetes,Flavobacteriia,Flavobacteriales,Flavobacteriaceae,Chryseobacterium,-,-,-,1.0,1.0,1.0,-,-,1.0,1.0,2.0,-,-,1.0,7.0,1.0,-,-,-,-,-,1.0,-,-,1.0,1.0,-,4.0,-,-
Chlamy203,Chlamy203,ICL_93,Bacteria,Proteobacteria,Betaproteobacteria,Burkholderiales,Comamonadaceae,Variovorax,-,-,-,1.0,1.0,1.0,-,-,1.0,1.0,2.0,-,-,1.0,7.0,1.0,-,-,-,-,-,1.0,-,-,1.0,1.0,-,4.0,-,-
Chlamy204,Chlamy204,ICL_94,Bacteria,Bacteroidetes,Flavobacteriia,Flavobacteriales,Flavobacteriaceae,Chryseobacterium,-,-,-,1.0,1.0,1.0,-,-,1.0,1.0,2.0,-,-,1.0,7.0,1.0,-,-,-,-,-,1.0,-,-,1.0,1.0,-,4.0,-,-
Chlamy204,Chlamy204,ICL_94,Bacteria,Proteobacteria,Betaproteobacteria,Burkholderiales,Comamonadaceae,Variovorax,-,-,-,1.0,1.0,1.0,-,-,1.0,1.0,2.0,-,-,1.0,7.0,1.0,-,-,-,-,-,1.0,-,-,1.0,1.0,-,4.0,-,-
Chlamy205,Chlamy205,ICL_95,Bacteria,Actinobacteria,Actinobacteria,Actinomycetales,Microbacteriaceae,Microbacterium,-,-,-,-,-,-,-,-,-,-,-,-,-,-,-,2.0,-,-,-,-,-,-,-,-,-,-,1.0,1.0,-,-
Chlamy206,Chlamy206,ICL_96,Bacteria,Proteobacteria,Betaproteobacteria,Burkholderiales,Comamonadaceae,Variovorax,-,-,-,1.0,-,-,-,-,1.0,-,-,-,-,-,-,-,-,-,-,-,-,-,-,-,1.0,-,-,1.0,-,-
Chlamy207,Chlamy207,ICL_97,Bacteria,Proteobacteria,Betaproteobacteria,Burkholderiales,Comamonadaceae,Variovorax,-,-,-,1.0,-,-,-,-,1.0,-,-,-,-,-,-,-,-,-,-,-,-,-,-,-,1.0,-,-,1.0,-,-
Chlamy208,Chlamy208,ICL_98,Bacteria,Proteobacteria,Betaproteobacteria,Burkholderiales,Comamonadaceae,Variovorax,-,-,-,1.0,-,-,-,-,1.0,-,-,-,-,-,-,-,-,-,-,-,-,-,-,-,1.0,-,-,1.0,-,-
Chlamy209,Chlamy209,ICL_99,Bacteria,Proteobacteria,Betaproteobacteria,Burkholderiales,Comamonadaceae,Variovorax,-,-,-,1.0,-,-,-,-,1.0,-,-,-,-,-,-,-,-,-,-,-,-,-,-,-,1.0,-,-,1.0,-,-
Chlamy210,Chlamy210,ICL_X,Bacteria,Proteobacteria,Betaproteobacteria,Burkholderiales,Burkholderiaceae,Cupriavidus,-,1.0,1.0,-,-,-,-,-,-,-,-,-,-,-,-,1.0,-,1.0,1.0,-,-,1.0,-,-,-,-,-,3.0,-,-
Chlamy211,Chlamy211,ICL_X2,Bacteria,Proteobacteria,Gammaproteobacteria,Xanthomonadales,Xanthomonadaceae,Stenotrophomonas,-,1.0,-,-,-,1.0,-,-,-,-,-,-,-,-,1.0,-,-,-,-,-,-,-,-,-,-,-,-,-,-,-
Chlamy22,Chlamy22,ICL_114A,Bacteria,Bacteroidetes,Flavobacteriia,Flavobacteriales,Flavobacteriaceae,Chryseobacterium,-,-,-,-,1.0,2.0,-,-,-,1.0,2.0,-,-,1.0,11.0,1.0,-,-,-,-,1.0,2.0,-,-,-,1.0,1.0,5.0,-,-
Chlamy22,Chlamy22,ICL_114A,Bacteria,Firmicutes,Bacilli,Bacillales,Bacillaceae,Bacillus,-,-,-,-,1.0,2.0,-,-,-,1.0,2.0,-,-,1.0,11.0,1.0,-,-,-,-,1.0,2.0,-,-,-,1.0,1.0,5.0,-,-
Chlamy22,Chlamy22,ICL_114A,Bacteria,Proteobacteria,Gammaproteobacteria,Pseudomonadales,Pseudomonadaceae,Pseudomonas,-,-,-,-,1.0,2.0,-,-,-,1.0,2.0,-,-,1.0,11.0,1.0,-,-,-,-,1.0,2.0,-,-,-,1.0,1.0,5.0,-,-
Chlamy23,Chlamy23,ICL_114B,Bacteria,Actinobacteria,Actinobacteria,Actinomycetales,Micrococcaceae,Arthrobacter,-,-,-,-,-,-,-,-,-,-,-,-,-,-,-,1.0,-,-,-,-,-,1.0,-,-,-,-,1.0,1.0,-,1.0
Chlamy24,Chlamy24,ICL_115,Bacteria,Proteobacteria,Gammaproteobacteria,Xanthomonadales,Xanthomonadaceae,Stenotrophomonas,-,-,-,-,-,1.0,-,-,-,-,-,-,-,-,2.0,-,-,-,-,-,-,-,-,-,1.0,-,-,-,-,-
Chlamy25,Chlamy25,ICL_116,Bacteria,Proteobacteria,Betaproteobacteria,Burkholderiales,Burkholderiaceae,Cupriavidus,-,1.0,-,1.0,-,1.0,-,-,-,-,-,-,-,-,3.0,3.0,-,-,-,-,-,1.0,-,-,-,-,-,5.0,-,-
Chlamy26,Chlamy26,ICL_117,Bacteria,Proteobacteria,Gammaproteobacteria,Aeromonadales,Aeromonadaceae,Aeromonas,-,1.0,-,-,-,1.0,-,-,1.0,-,-,-,-,-,1.0,-,-,-,-,-,-,-,-,-,-,-,-,-,-,-
Chlamy28,Chlamy28,ICL_118B,Bacteria,Proteobacteria,Betaproteobacteria,Burkholderiales,Comamonadaceae,Acidovorax,1.0,-,-,-,-,1.0,-,-,1.0,-,-,-,-,-,-,-,-,-,-,-,-,-,-,-,-,-,-,1.0,-,-
Chlamy29,Chlamy29,ICL_119A,Bacteria,Proteobacteria,Betaproteobacteria,Burkholderiales,Comamonadaceae,Acidovorax,1.0,-,-,-,-,1.0,-,-,1.0,-,-,-,-,-,-,-,-,-,-,-,-,-,-,-,-,-,-,1.0,-,-
Chlamy30,Chlamy30,ICL_122A,Bacteria,Proteobacteria,Betaproteobacteria,Burkholderiales,Comamonadaceae,Acidovorax,1.0,-,-,-,-,1.0,-,-,1.0,-,-,-,-,-,-,-,-,-,-,-,-,-,-,-,-,-,-,1.0,-,-
Chlamy31,Chlamy31,ICL_122B,Bacteria,Proteobacteria,Betaproteobacteria,Burkholderiales,Comamonadaceae,Acidovorax,1.0,-,-,-,-,1.0,-,-,1.0,-,-,-,-,-,-,-,-,-,-,-,-,-,-,-,-,-,-,1.0,-,-
Chlamy32,Chlamy32,ICL_123A,Bacteria,Proteobacteria,Betaproteobacteria,Burkholderiales,Comamonadaceae,Acidovorax,1.0,-,-,-,-,1.0,-,-,1.0,-,-,-,-,-,-,-,-,-,-,-,-,-,-,-,-,-,-,1.0,-,-
Chlamy33,Chlamy33,ICL_123B,Bacteria,Actinobacteria,Actinobacteria,Actinomycetales,Micrococcaceae,Micrococcus,1.0,-,-,-,-,1.0,-,1.0,1.0,-,-,-,-,-,-,1.0,-,-,-,-,-,1.0,-,-,-,-,-,2.0,-,-
Chlamy33,Chlamy33,ICL_123B,Bacteria,Proteobacteria,Betaproteobacteria,Burkholderiales,Comamonadaceae,Acidovorax,1.0,-,-,-,-,1.0,-,1.0,1.0,-,-,-,-,-,-,1.0,-,-,-,-,-,1.0,-,-,-,-,-,2.0,-,-
Chlamy34,Chlamy34,ICL_125B,Bacteria,Proteobacteria,Betaproteobacteria,Burkholderiales,Comamonadaceae,Acidovorax,1.0,-,-,-,-,1.0,-,-,1.0,-,-,-,-,-,-,-,-,-,-,-,-,-,-,-,-,-,-,1.0,-,-
Chlamy35,Chlamy35,ICL_126A,Bacteria,Proteobacteria,Betaproteobacteria,Burkholderiales,Burkholderiaceae,Cupriavidus,-,1.0,1.0,-,-,-,-,-,-,-,-,-,-,-,-,1.0,-,1.0,1.0,-,-,1.0,-,-,-,-,-,3.0,-,-
Chlamy36,Chlamy36,ICL_126B,Bacteria,Proteobacteria,Betaproteobacteria,Burkholderiales,Burkholderiaceae,Cupriavidus,-,1.0,1.0,-,-,-,-,-,-,-,-,-,-,-,-,1.0,-,1.0,1.0,-,-,1.0,-,-,-,-,-,3.0,-,-
Chlamy37,Chlamy37,ICL_127,Bacteria,Proteobacteria,Betaproteobacteria,Burkholderiales,Burkholderiaceae,Cupriavidus,-,1.0,1.0,-,-,-,-,-,-,-,-,-,-,-,-,1.0,-,1.0,1.0,-,-,1.0,-,-,-,-,-,3.0,-,-
Chlamy38,Chlamy38,ICL_127,Bacteria,Proteobacteria,Betaproteobacteria,Burkholderiales,Burkholderiaceae,Cupriavidus,-,1.0,1.0,-,-,-,-,-,-,-,-,-,-,-,-,1.0,-,1.0,1.0,-,-,1.0,-,-,-,-,-,3.0,-,-
Chlamy39,Chlamy39,ICL_128,Bacteria,Proteobacteria,Gammaproteobacteria,Xanthomonadales,Xanthomonadaceae,Stenotrophomonas,-,-,-,-,-,1.0,-,-,-,-,-,-,-,-,2.0,-,-,-,-,-,-,-,-,-,1.0,-,-,-,-,-
Chlamy40,Chlamy40,ICL_129A,Bacteria,Bacteroidetes,Flavobacteriia,Flavobacteriales,Flavobacteriaceae,Chryseobacterium,-,2.0,1.0,1.0,-,-,-,-,-,-,-,-,-,-,-,1.0,-,1.0,1.0,-,-,1.0,-,-,-,-,-,6.0,-,-
Chlamy42,Chlamy42,ICL_13,Bacteria,Proteobacteria,Alphaproteobacteria,Rhizobiales,Bradyrhizobiaceae,Bosea,-,-,-,-,-,-,-,-,1.0,-,-,-,-,-,-,1.0,-,-,-,-,-,-,-,1.0,1.0,-,-,2.0,-,-
Chlamy43,Chlamy43,ICL_131,Bacteria,Proteobacteria,Betaproteobacteria,Burkholderiales,Burkholderiaceae,Cupriavidus,-,1.0,-,-,-,-,-,-,-,-,-,-,-,-,3.0,1.0,-,-,-,-,-,-,-,-,-,-,-,2.0,-,-
Chlamy44,Chlamy44,ICL_132,Bacteria,Proteobacteria,Gammaproteobacteria,Aeromonadales,Aeromonadaceae,Aeromonas,-,1.0,-,-,-,1.0,-,-,1.0,-,-,-,-,-,1.0,-,-,-,-,-,-,-,-,-,-,-,-,-,-,-
Chlamy45,Chlamy45,ICL_133,Bacteria,Bacteroidetes,Flavobacteriia,Flavobacteriales,Flavobacteriaceae,Chryseobacterium,-,-,-,-,1.0,1.0,-,-,-,1.0,2.0,-,-,1.0,7.0,1.0,-,-,-,-,-,1.0,-,-,-,1.0,-,3.0,-,-
Chlamy46,Chlamy46,ICL_135B,Bacteria,Proteobacteria,Betaproteobacteria,Burkholderiales,Comamonadaceae,Acidovorax,1.0,-,-,-,-,1.0,-,-,1.0,-,-,-,-,-,-,-,-,-,-,-,-,-,-,-,-,-,-,1.0,-,-
Chlamy47,Chlamy47,ICL_136A,Bacteria,Proteobacteria,Betaproteobacteria,Burkholderiales,Comamonadaceae,Acidovorax,1.0,-,-,-,-,1.0,-,-,1.0,-,-,-,-,-,-,-,-,-,-,-,-,-,-,-,-,-,-,1.0,-,-
Chlamy48,Chlamy48,ICL_136B,Bacteria,Proteobacteria,Betaproteobacteria,Burkholderiales,Comamonadaceae,Acidovorax,1.0,-,-,-,-,1.0,-,-,1.0,-,-,-,-,-,-,-,-,-,-,-,-,-,-,-,-,-,-,1.0,-,-
Chlamy49,Chlamy49,ICL_139A,Bacteria,Proteobacteria,Alphaproteobacteria,Sphingomonadales,Sphingomonadaceae,Sphingopyxis,-,-,-,-,-,2.0,-,-,-,-,-,-,2.0,-,1.0,-,-,-,-,-,-,-,-,-,-,-,1.0,1.0,-,-
Chlamy50,Chlamy50,ICL_139B,Bacteria,Proteobacteria,Betaproteobacteria,Burkholderiales,Comamonadaceae,Acidovorax,1.0,-,-,-,-,1.0,-,-,1.0,-,-,-,-,-,-,-,-,-,-,-,-,-,-,-,-,-,-,1.0,-,-
Chlamy51,Chlamy51,ICL_142B,Bacteria,Proteobacteria,Betaproteobacteria,Burkholderiales,Comamonadaceae,Acidovorax,1.0,-,-,-,-,1.0,-,-,1.0,-,-,-,-,-,-,-,-,-,-,-,-,-,-,-,-,-,-,1.0,-,-
Chlamy52,Chlamy52,ICL_144,Bacteria,Actinobacteria,Actinobacteria,Actinomycetales,Microbacteriaceae,Microbacterium,-,-,-,-,-,-,-,-,-,-,-,-,-,-,-,1.0,-,-,-,-,-,-,-,-,-,-,1.0,1.0,-,-
Chlamy53,Chlamy53,ICL_145,Bacteria,Proteobacteria,Betaproteobacteria,Burkholderiales,Comamonadaceae,Acidovorax,1.0,-,-,-,-,1.0,-,-,1.0,-,-,-,-,-,-,-,-,-,-,-,-,-,-,-,-,-,-,1.0,-,-
Chlamy54,Chlamy54,ICL_146,Bacteria,Proteobacteria,Betaproteobacteria,Burkholderiales,Comamonadaceae,Acidovorax,1.0,-,-,-,-,1.0,-,-,1.0,-,-,-,-,-,-,-,-,-,-,-,-,-,-,-,-,-,-,1.0,-,-
Chlamy55,Chlamy55,ICL_147,Bacteria,Proteobacteria,Betaproteobacteria,Burkholderiales,Comamonadaceae,Acidovorax,1.0,-,-,-,-,1.0,-,-,1.0,-,-,-,-,-,-,-,-,-,-,-,-,-,-,-,-,-,-,1.0,-,-
Chlamy56,Chlamy56,ICL_147A,Bacteria,Proteobacteria,Betaproteobacteria,Burkholderiales,Burkholderiaceae,Cupriavidus,-,1.0,1.0,-,-,-,-,-,-,-,-,-,-,-,-,1.0,-,1.0,1.0,-,-,1.0,-,-,-,-,-,3.0,-,-
Chlamy58,Chlamy58,ICL_148,Bacteria,Proteobacteria,Betaproteobacteria,Burkholderiales,Comamonadaceae,Acidovorax,1.0,-,-,-,-,1.0,-,-,1.0,-,-,-,-,-,-,-,-,-,-,-,-,-,-,-,-,-,-,1.0,-,-
Chlamy59,Chlamy59,ICL_149,Bacteria,Bacteroidetes,Flavobacteriia,Flavobacteriales,Flavobacteriaceae,Chryseobacterium,-,-,-,-,1.0,1.0,-,-,-,1.0,2.0,-,-,1.0,7.0,1.0,-,-,-,-,-,1.0,-,-,-,1.0,-,3.0,-,-
Chlamy6,Chlamy6,ICL_100,Bacteria,Proteobacteria,Betaproteobacteria,Burkholderiales,Comamonadaceae,Variovorax,-,-,-,1.0,-,-,-,-,1.0,-,-,-,-,-,-,-,-,-,-,-,-,-,-,-,1.0,-,-,1.0,-,-
Chlamy60,Chlamy60,ICL_150,Bacteria,Bacteroidetes,Flavobacteriia,Flavobacteriales,Flavobacteriaceae,Chryseobacterium,-,-,-,-,1.0,1.0,-,-,-,1.0,2.0,-,-,1.0,7.0,1.0,-,-,-,-,-,1.0,-,-,-,1.0,-,3.0,-,-
Chlamy61,Chlamy61,ICL_151,Bacteria,Bacteroidetes,Flavobacteriia,Flavobacteriales,Flavobacteriaceae,Chryseobacterium,-,1.0,-,-,1.0,2.0,-,-,-,1.0,2.0,-,-,1.0,10.0,3.0,-,-,-,-,-,4.0,-,-,-,1.0,-,7.0,-,-
Chlamy61,Chlamy61,ICL_151,Bacteria,Proteobacteria,Betaproteobacteria,Burkholderiales,Burkholderiaceae,Cupriavidus,-,1.0,-,-,1.0,2.0,-,-,-,1.0,2.0,-,-,1.0,10.0,3.0,-,-,-,-,-,4.0,-,-,-,1.0,-,7.0,-,-
Chlamy62,Chlamy62,ICL_152,Bacteria,Proteobacteria,Betaproteobacteria,Burkholderiales,Burkholderiaceae,Cupriavidus,-,1.0,1.0,-,-,-,-,-,-,-,-,-,-,-,-,1.0,-,1.0,1.0,-,-,1.0,-,-,-,-,-,3.0,-,-
Chlamy63,Chlamy63,ICL_153,Bacteria,Proteobacteria,Betaproteobacteria,Burkholderiales,Burkholderiaceae,Cupriavidus,-,1.0,1.0,-,-,-,-,-,-,-,-,-,-,-,-,1.0,-,1.0,1.0,-,-,1.0,-,-,-,-,-,3.0,-,-
Chlamy64,Chlamy64,ICL_154,Bacteria,Bacteroidetes,Flavobacteriia,Flavobacteriales,Flavobacteriaceae,Chryseobacterium,-,-,-,-,1.0,1.0,-,-,-,1.0,2.0,-,-,1.0,7.0,1.0,-,-,-,-,-,1.0,-,-,-,1.0,-,3.0,-,-
Chlamy65,Chlamy65,ICL_155A,Bacteria,Proteobacteria,Betaproteobacteria,Burkholderiales,Burkholderiaceae,Cupriavidus,-,1.0,1.0,-,-,-,-,-,-,-,-,-,-,-,-,1.0,-,1.0,1.0,-,-,1.0,-,-,-,-,-,3.0,-,-
Chlamy69,Chlamy69,ICL_156,Bacteria,Actinobacteria,Actinobacteria,Actinomycetales,Microbacteriaceae,Microbacterium,-,-,-,-,-,-,-,-,-,-,-,-,-,-,-,1.0,-,-,-,-,-,1.0,-,-,-,-,1.0,1.0,-,-
Chlamy69,Chlamy69,ICL_156,Bacteria,Bacteroidetes,Flavobacteriia,Flavobacteriales,Flavobacteriaceae,Chryseobacterium,-,-,-,-,-,-,-,-,-,-,-,-,-,-,-,1.0,-,-,-,-,-,1.0,-,-,-,-,1.0,1.0,-,-
Chlamy7,Chlamy7,ICL_101,Bacteria,Proteobacteria,Alphaproteobacteria,Sphingomonadales,Sphingomonadaceae,Sphingomonas,-,-,-,-,-,-,-,-,-,-,-,-,-,-,-,-,-,-,-,-,-,-,-,-,-,-,1.0,1.0,-,-
Chlamy70,Chlamy70,ICL_157,Bacteria,Actinobacteria,Actinobacteria,Actinomycetales,Micrococcaceae,Arthrobacter,-,-,-,-,-,-,-,-,-,-,-,-,-,-,-,1.0,-,-,-,-,-,1.0,-,-,-,-,1.0,1.0,-,1.0
Chlamy70,Chlamy70,ICL_157,Bacteria,Bacteroidetes,Flavobacteriia,Flavobacteriales,Flavobacteriaceae,Chryseobacterium,-,-,-,-,-,-,-,-,-,-,-,-,-,-,-,1.0,-,-,-,-,-,1.0,-,-,-,-,1.0,1.0,-,1.0
Chlamy71,Chlamy71,ICL_158,Bacteria,Proteobacteria,Gammaproteobacteria,Xanthomonadales,Xanthomonadaceae,Stenotrophomonas,-,-,-,-,-,1.0,-,-,-,-,-,-,-,-,2.0,-,-,-,-,-,-,-,-,-,1.0,-,-,-,-,-
Chlamy72,Chlamy72,ICL_159A,Bacteria,Actinobacteria,Actinobacteria,Actinomycetales,Micrococcaceae,Arthrobacter,-,1.0,-,-,-,1.0,-,-,-,-,-,-,-,-,2.0,2.0,-,-,-,-,-,1.0,-,-,-,-,1.0,1.0,-,1.0
Chlamy72,Chlamy72,ICL_159A,Bacteria,Proteobacteria,Gammaproteobacteria,Pseudomonadales,Pseudomonadaceae,Pseudomonas,-,1.0,-,-,-,1.0,-,-,-,-,-,-,-,-,2.0,2.0,-,-,-,-,-,1.0,-,-,-,-,1.0,1.0,-,1.0
Chlamy74,Chlamy74,ICL_160,Bacteria,Proteobacteria,Alphaproteobacteria,Caulobacterales,Caulobacteraceae,Brevundimonas,-,-,-,-,-,-,-,-,-,-,-,-,2.0,-,-,-,-,-,-,1.0,-,-,-,-,-,-,1.0,-,-,-
Chlamy75,Chlamy75,ICL_161B,Bacteria,Proteobacteria,Alphaproteobacteria,Sphingomonadales,Sphingomonadaceae,Sphingopyxis,-,-,-,-,-,2.0,-,-,-,-,-,-,2.0,-,1.0,-,-,-,-,-,-,-,-,-,-,-,1.0,1.0,-,-
Chlamy76,Chlamy76,ICL_162,Bacteria,Proteobacteria,Betaproteobacteria,Burkholderiales,Burkholderiaceae,Cupriavidus,-,1.0,-,-,-,1.0,-,-,-,-,-,-,-,-,2.0,4.0,-,1.0,-,-,-,-,1.0,-,-,-,-,3.0,-,-
Chlamy77,Chlamy77,ICL_163,Bacteria,Proteobacteria,Betaproteobacteria,Burkholderiales,Oxalobacteraceae,Massilia,-,-,-,-,-,1.0,-,-,2.0,-,-,-,-,-,-,-,-,-,-,-,-,-,-,-,-,-,-,2.0,-,-
Chlamy78,Chlamy78,ICL_164A,Bacteria,Proteobacteria,Betaproteobacteria,Burkholderiales,Oxalobacteraceae,Massilia,-,-,-,-,-,1.0,-,-,2.0,-,-,-,-,-,-,-,-,-,-,-,-,-,-,-,-,-,-,2.0,-,-
Chlamy8,Chlamy8,ICL_103,Bacteria,Proteobacteria,Alphaproteobacteria,Rhizobiales,Bradyrhizobiaceae,Bosea,-,-,-,-,-,-,-,-,1.0,-,-,-,-,-,-,1.0,-,-,-,-,-,-,-,1.0,1.0,-,-,2.0,-,-
Chlamy80,Chlamy80,ICL_165,Bacteria,Proteobacteria,Alphaproteobacteria,Caulobacterales,Caulobacteraceae,Brevundimonas,-,-,-,-,-,-,-,-,-,-,-,-,2.0,-,-,-,-,-,-,1.0,-,-,-,-,-,-,1.0,-,-,-
Chlamy81,Chlamy81,ICL_166,Bacteria,Proteobacteria,Betaproteobacteria,Burkholderiales,Comamonadaceae,Variovorax,-,-,-,1.0,-,-,-,-,1.0,-,-,-,-,-,-,-,-,-,-,-,-,-,-,-,1.0,-,-,1.0,-,-
Chlamy82,Chlamy82,ICL_167,Bacteria,Bacteroidetes,Flavobacteriia,Flavobacteriales,Flavobacteriaceae,Chryseobacterium,-,-,-,-,1.0,1.0,-,-,-,1.0,2.0,-,-,1.0,7.0,1.0,-,-,-,-,-,1.0,-,-,-,1.0,-,3.0,-,-
Chlamy83,Chlamy83,ICL_168,Bacteria,Bacteroidetes,Flavobacteriia,Flavobacteriales,Flavobacteriaceae,Chryseobacterium,-,1.0,-,-,1.0,5.0,1.0,-,-,1.0,2.0,-,-,1.0,10.0,2.0,-,-,-,-,-,2.0,-,-,-,1.0,-,3.0,-,-
Chlamy84,Chlamy84,ICL_169A,Bacteria,Proteobacteria,Betaproteobacteria,Burkholderiales,Burkholderiaceae,Cupriavidus,-,1.0,1.0,-,-,-,-,-,-,-,-,-,-,-,-,1.0,-,1.0,1.0,-,-,1.0,-,-,-,-,-,3.0,-,-
Chlamy85,Chlamy85,ICL_169B,Bacteria,Proteobacteria,Betaproteobacteria,Burkholderiales,Burkholderiaceae,Cupriavidus,-,2.0,1.0,-,1.0,-,-,-,-,-,-,-,-,-,3.0,2.0,-,1.0,1.0,1.0,-,1.0,-,-,2.0,-,-,4.0,-,-
Chlamy85,Chlamy85,ICL_169B,Bacteria,Proteobacteria,Betaproteobacteria,Burkholderiales,Comamonadaceae,Variovorax,-,2.0,1.0,-,1.0,-,-,-,-,-,-,-,-,-,3.0,2.0,-,1.0,1.0,1.0,-,1.0,-,-,2.0,-,-,4.0,-,-
Chlamy86,Chlamy86,ICL_17,Bacteria,Proteobacteria,Alphaproteobacteria,Rhizobiales,Bradyrhizobiaceae,Bosea,-,-,-,-,-,-,-,-,1.0,-,-,-,-,-,-,1.0,-,-,-,-,-,-,-,1.0,1.0,-,-,2.0,-,-
Chlamy87,Chlamy87,ICL_170,Bacteria,Proteobacteria,Betaproteobacteria,Burkholderiales,Burkholderiaceae,Cupriavidus,-,2.0,1.0,1.0,-,1.0,-,-,-,-,-,-,-,-,-,3.0,-,1.0,-,-,-,2.0,-,-,-,-,-,7.0,-,-
Chlamy88,Chlamy88,ICL_171A,Bacteria,Proteobacteria,Betaproteobacteria,Burkholderiales,Burkholderiaceae,Cupriavidus,-,1.0,-,-,-,-,-,-,-,-,-,-,-,-,-,2.0,-,-,-,-,-,-,1.0,-,-,-,-,3.0,-,-
Chlamy9,Chlamy9,ICL_104,Bacteria,Proteobacteria,Alphaproteobacteria,Rhizobiales,Bradyrhizobiaceae,Bosea,-,-,-,-,-,-,-,-,1.0,-,-,-,-,-,-,1.0,-,-,-,-,-,-,-,1.0,1.0,-,-,2.0,-,-
Chlamy90,Chlamy90,ICL_172,Bacteria,Proteobacteria,Gammaproteobacteria,Pseudomonadales,Pseudomonadaceae,Pseudomonas,-,1.0,-,-,-,3.0,-,-,-,-,-,-,-,-,2.0,1.0,-,-,-,-,-,1.0,-,-,-,-,-,-,1.0,-
Chlamy91,Chlamy91,ICL_173,Bacteria,Proteobacteria,Gammaproteobacteria,Xanthomonadales,Xanthomonadaceae,Stenotrophomonas,-,-,-,-,-,1.0,-,-,-,-,-,-,-,-,2.0,-,-,-,-,-,-,-,-,-,1.0,-,-,-,-,-
Chlamy92,Chlamy92,ICL_174B,Bacteria,Proteobacteria,Betaproteobacteria,Burkholderiales,Burkholderiaceae,Cupriavidus,-,1.0,1.0,-,-,-,-,-,-,-,-,-,-,-,-,1.0,-,1.0,1.0,-,-,1.0,-,-,-,-,-,3.0,-,-
Chlamy93,Chlamy93,ICL_175,Bacteria,Proteobacteria,Gammaproteobacteria,Xanthomonadales,Xanthomonadaceae,Stenotrophomonas,-,-,-,-,-,1.0,-,-,-,-,-,-,-,-,2.0,-,-,-,-,-,-,-,-,-,1.0,-,-,-,-,-
Chlamy94,Chlamy94,ICL_176,Bacteria,Bacteroidetes,Flavobacteriia,Flavobacteriales,Flavobacteriaceae,Chryseobacterium,-,-,-,-,1.0,1.0,-,-,-,1.0,2.0,-,-,1.0,7.0,1.0,-,-,-,-,-,1.0,-,-,-,1.0,-,3.0,-,-
Chlamy95,Chlamy95,ICL_177A,Bacteria,Proteobacteria,Betaproteobacteria,Burkholderiales,Burkholderiaceae,Cupriavidus,-,1.0,1.0,-,-,-,-,-,-,-,-,-,-,-,-,1.0,-,1.0,1.0,-,-,1.0,-,-,-,-,-,3.0,-,-
Chlamy97,Chlamy97,ICL_178,Bacteria,Bacteroidetes,Flavobacteriia,Flavobacteriales,Flavobacteriaceae,Chryseobacterium,-,-,-,-,1.0,1.0,-,-,-,1.0,2.0,-,-,1.0,7.0,1.0,-,-,-,-,-,1.0,-,-,-,1.0,-,3.0,-,-
Chlamy98,Chlamy98,ICL_179A,Bacteria,Proteobacteria,Betaproteobacteria,Burkholderiales,Burkholderiaceae,Cupriavidus,-,1.0,1.0,1.0,-,1.0,-,-,-,-,-,-,-,-,-,3.0,-,1.0,1.0,-,-,2.0,-,-,-,-,-,6.0,-,-
