alsphere_ID	Sample	Kingdom	Phylum	Class	Order	Family	Genus
Chlamy6	ICL_100	Bacteria	Proteobacteria	Betaproteobacteria	Burkholderiales	Comamonadaceae	Variovorax
Chlamy7	ICL_101	Bacteria	Proteobacteria	Alphaproteobacteria	Sphingomonadales	Sphingomonadaceae	Sphingomonas
Chlamy8	ICL_103	Bacteria	Proteobacteria	Alphaproteobacteria	Rhizobiales	Bradyrhizobiaceae	Bosea
Chlamy9	ICL_104	Bacteria	Proteobacteria	Alphaproteobacteria	Rhizobiales	Bradyrhizobiaceae	Bosea
Chlamy10	ICL_105	Bacteria	Bacteroidetes	Flavobacteriia	Flavobacteriales	Flavobacteriaceae	Chryseobacterium
Chlamy10	ICL_105	Bacteria	Proteobacteria	Betaproteobacteria	Burkholderiales	Comamonadaceae	Variovorax
Chlamy10	ICL_105	Bacteria	Proteobacteria	Gammaproteobacteria	Pseudomonadales	Pseudomonadaceae	Pseudomonas
Chlamy11	ICL_106	Bacteria	Proteobacteria	Alphaproteobacteria	Rhizobiales	Bradyrhizobiaceae	Bosea
Chlamy12	ICL_107	Bacteria	Proteobacteria	Betaproteobacteria	Burkholderiales	Comamonadaceae	Variovorax
Chlamy13	ICL_108	Bacteria	Proteobacteria	Betaproteobacteria	Burkholderiales	Comamonadaceae	Variovorax
Chlamy14	ICL_109	Bacteria	Bacteroidetes	Flavobacteriia	Flavobacteriales	Flavobacteriaceae	Chryseobacterium
Chlamy14	ICL_109	Bacteria	Proteobacteria	Gammaproteobacteria	Xanthomonadales	Xanthomonadaceae	Stenotrophomonas
Chlamy15	ICL_110	Bacteria	Bacteroidetes	Flavobacteriia	Flavobacteriales	Flavobacteriaceae	Chryseobacterium
Chlamy15	ICL_110	Bacteria	Proteobacteria	Betaproteobacteria	Burkholderiales	Burkholderiaceae	Cupriavidus
Chlamy16	ICL_111A	Bacteria	Proteobacteria	Betaproteobacteria	Burkholderiales	Burkholderiaceae	Cupriavidus
Chlamy19	ICL_112	Bacteria	Proteobacteria	Betaproteobacteria	Burkholderiales	Burkholderiaceae	Cupriavidus
Chlamy20	ICL_113A	Bacteria	Proteobacteria	Betaproteobacteria	Burkholderiales	Burkholderiaceae	Cupriavidus
Chlamy22	ICL_114A	Bacteria	Bacteroidetes	Flavobacteriia	Flavobacteriales	Flavobacteriaceae	Chryseobacterium
Chlamy22	ICL_114A	Bacteria	Firmicutes	Bacilli	Bacillales	Bacillaceae	Bacillus
Chlamy22	ICL_114A	Bacteria	Proteobacteria	Gammaproteobacteria	Pseudomonadales	Pseudomonadaceae	Pseudomonas
Chlamy23	ICL_114B	Bacteria	Actinobacteria	Actinobacteria	Actinomycetales	Micrococcaceae	Arthrobacter
Chlamy24	ICL_115	Bacteria	Proteobacteria	Gammaproteobacteria	Xanthomonadales	Xanthomonadaceae	Stenotrophomonas
Chlamy25	ICL_116	Bacteria	Proteobacteria	Betaproteobacteria	Burkholderiales	Burkholderiaceae	Cupriavidus
Chlamy26	ICL_117	Bacteria	Proteobacteria	Gammaproteobacteria	Aeromonadales	Aeromonadaceae	Aeromonas
Chlamy28	ICL_118B	Bacteria	Proteobacteria	Betaproteobacteria	Burkholderiales	Comamonadaceae	Acidovorax
Chlamy29	ICL_119A	Bacteria	Proteobacteria	Betaproteobacteria	Burkholderiales	Comamonadaceae	Acidovorax
Chlamy30	ICL_122A	Bacteria	Proteobacteria	Betaproteobacteria	Burkholderiales	Comamonadaceae	Acidovorax
Chlamy31	ICL_122B	Bacteria	Proteobacteria	Betaproteobacteria	Burkholderiales	Comamonadaceae	Acidovorax
Chlamy32	ICL_123A	Bacteria	Proteobacteria	Betaproteobacteria	Burkholderiales	Comamonadaceae	Acidovorax
Chlamy33	ICL_123B	Bacteria	Actinobacteria	Actinobacteria	Actinomycetales	Micrococcaceae	Micrococcus
Chlamy33	ICL_123B	Bacteria	Proteobacteria	Betaproteobacteria	Burkholderiales	Comamonadaceae	Acidovorax
Chlamy34	ICL_125B	Bacteria	Proteobacteria	Betaproteobacteria	Burkholderiales	Comamonadaceae	Acidovorax
Chlamy35	ICL_126A	Bacteria	Proteobacteria	Betaproteobacteria	Burkholderiales	Burkholderiaceae	Cupriavidus
Chlamy36	ICL_126B	Bacteria	Proteobacteria	Betaproteobacteria	Burkholderiales	Burkholderiaceae	Cupriavidus
Chlamy37	ICL_127	Bacteria	Proteobacteria	Betaproteobacteria	Burkholderiales	Burkholderiaceae	Cupriavidus
Chlamy38	ICL_127	Bacteria	Proteobacteria	Betaproteobacteria	Burkholderiales	Burkholderiaceae	Cupriavidus
Chlamy39	ICL_128	Bacteria	Proteobacteria	Gammaproteobacteria	Xanthomonadales	Xanthomonadaceae	Stenotrophomonas
Chlamy40	ICL_129A	Bacteria	Bacteroidetes	Flavobacteriia	Flavobacteriales	Flavobacteriaceae	Chryseobacterium
Chlamy42	ICL_13	Bacteria	Proteobacteria	Alphaproteobacteria	Rhizobiales	Bradyrhizobiaceae	Bosea
Chlamy43	ICL_131	Bacteria	Proteobacteria	Betaproteobacteria	Burkholderiales	Burkholderiaceae	Cupriavidus
Chlamy44	ICL_132	Bacteria	Proteobacteria	Gammaproteobacteria	Aeromonadales	Aeromonadaceae	Aeromonas
Chlamy45	ICL_133	Bacteria	Bacteroidetes	Flavobacteriia	Flavobacteriales	Flavobacteriaceae	Chryseobacterium
Chlamy46	ICL_135B	Bacteria	Proteobacteria	Betaproteobacteria	Burkholderiales	Comamonadaceae	Acidovorax
Chlamy47	ICL_136A	Bacteria	Proteobacteria	Betaproteobacteria	Burkholderiales	Comamonadaceae	Acidovorax
Chlamy48	ICL_136B	Bacteria	Proteobacteria	Betaproteobacteria	Burkholderiales	Comamonadaceae	Acidovorax
Chlamy49	ICL_139A	Bacteria	Proteobacteria	Alphaproteobacteria	Sphingomonadales	Sphingomonadaceae	Sphingopyxis
Chlamy50	ICL_139B	Bacteria	Proteobacteria	Betaproteobacteria	Burkholderiales	Comamonadaceae	Acidovorax
Chlamy51	ICL_142B	Bacteria	Proteobacteria	Betaproteobacteria	Burkholderiales	Comamonadaceae	Acidovorax
Chlamy52	ICL_144	Bacteria	Actinobacteria	Actinobacteria	Actinomycetales	Microbacteriaceae	Microbacterium
Chlamy52	ICL_144	Bacteria	Actinobacteria	Actinobacteria	Actinomycetales	Microbacteriaceae	Microbacterium
Chlamy53	ICL_145	Bacteria	Proteobacteria	Betaproteobacteria	Burkholderiales	Comamonadaceae	Acidovorax
Chlamy54	ICL_146	Bacteria	Proteobacteria	Betaproteobacteria	Burkholderiales	Comamonadaceae	Acidovorax
Chlamy55	ICL_147	Bacteria	Proteobacteria	Betaproteobacteria	Burkholderiales	Comamonadaceae	Acidovorax
Chlamy56	ICL_147A	Bacteria	Proteobacteria	Betaproteobacteria	Burkholderiales	Burkholderiaceae	Cupriavidus
Chlamy58	ICL_148	Bacteria	Proteobacteria	Betaproteobacteria	Burkholderiales	Comamonadaceae	Acidovorax
Chlamy59	ICL_149	Bacteria	Bacteroidetes	Flavobacteriia	Flavobacteriales	Flavobacteriaceae	Chryseobacterium
Chlamy60	ICL_150	Bacteria	Bacteroidetes	Flavobacteriia	Flavobacteriales	Flavobacteriaceae	Chryseobacterium
Chlamy61	ICL_151	Bacteria	Bacteroidetes	Flavobacteriia	Flavobacteriales	Flavobacteriaceae	Chryseobacterium
Chlamy61	ICL_151	Bacteria	Proteobacteria	Betaproteobacteria	Burkholderiales	Burkholderiaceae	Cupriavidus
Chlamy62	ICL_152	Bacteria	Proteobacteria	Betaproteobacteria	Burkholderiales	Burkholderiaceae	Cupriavidus
Chlamy63	ICL_153	Bacteria	Proteobacteria	Betaproteobacteria	Burkholderiales	Burkholderiaceae	Cupriavidus
Chlamy64	ICL_154	Bacteria	Bacteroidetes	Flavobacteriia	Flavobacteriales	Flavobacteriaceae	Chryseobacterium
Chlamy65	ICL_155A	Bacteria	Proteobacteria	Betaproteobacteria	Burkholderiales	Burkholderiaceae	Cupriavidus
Chlamy69	ICL_156	Bacteria	Actinobacteria	Actinobacteria	Actinomycetales	Microbacteriaceae	Microbacterium
Chlamy69	ICL_156	Bacteria	Bacteroidetes	Flavobacteriia	Flavobacteriales	Flavobacteriaceae	Chryseobacterium
Chlamy70	ICL_157	Bacteria	Actinobacteria	Actinobacteria	Actinomycetales	Micrococcaceae	Arthrobacter
Chlamy70	ICL_157	Bacteria	Bacteroidetes	Flavobacteriia	Flavobacteriales	Flavobacteriaceae	Chryseobacterium
Chlamy71	ICL_158	Bacteria	Proteobacteria	Gammaproteobacteria	Xanthomonadales	Xanthomonadaceae	Stenotrophomonas
Chlamy72	ICL_159A	Bacteria	Actinobacteria	Actinobacteria	Actinomycetales	Micrococcaceae	Arthrobacter
Chlamy72	ICL_159A	Bacteria	Proteobacteria	Gammaproteobacteria	Pseudomonadales	Pseudomonadaceae	Pseudomonas
Chlamy74	ICL_160	Bacteria	Proteobacteria	Alphaproteobacteria	Caulobacterales	Caulobacteraceae	Brevundimonas
Chlamy75	ICL_161B	Bacteria	Proteobacteria	Alphaproteobacteria	Sphingomonadales	Sphingomonadaceae	Sphingopyxis
Chlamy76	ICL_162	Bacteria	Proteobacteria	Betaproteobacteria	Burkholderiales	Burkholderiaceae	Cupriavidus
Chlamy77	ICL_163	Bacteria	Proteobacteria	Betaproteobacteria	Burkholderiales	Oxalobacteraceae	Massilia
Chlamy78	ICL_164A	Bacteria	Proteobacteria	Betaproteobacteria	Burkholderiales	Oxalobacteraceae	Massilia
Chlamy80	ICL_165	Bacteria	Proteobacteria	Alphaproteobacteria	Caulobacterales	Caulobacteraceae	Brevundimonas
Chlamy81	ICL_166	Bacteria	Proteobacteria	Betaproteobacteria	Burkholderiales	Comamonadaceae	Variovorax
Chlamy82	ICL_167	Bacteria	Bacteroidetes	Flavobacteriia	Flavobacteriales	Flavobacteriaceae	Chryseobacterium
Chlamy83	ICL_168	Bacteria	Bacteroidetes	Flavobacteriia	Flavobacteriales	Flavobacteriaceae	Chryseobacterium
Chlamy84	ICL_169A	Bacteria	Proteobacteria	Betaproteobacteria	Burkholderiales	Burkholderiaceae	Cupriavidus
Chlamy85	ICL_169B	Bacteria	Proteobacteria	Betaproteobacteria	Burkholderiales	Burkholderiaceae	Cupriavidus
Chlamy85	ICL_169B	Bacteria	Proteobacteria	Betaproteobacteria	Burkholderiales	Comamonadaceae	Variovorax
Chlamy86	ICL_17	Bacteria	Proteobacteria	Alphaproteobacteria	Rhizobiales	Bradyrhizobiaceae	Bosea
Chlamy87	ICL_170	Bacteria	Proteobacteria	Betaproteobacteria	Burkholderiales	Burkholderiaceae	Cupriavidus
Chlamy88	ICL_171A	Bacteria	Proteobacteria	Betaproteobacteria	Burkholderiales	Burkholderiaceae	Cupriavidus
Chlamy90	ICL_172	Bacteria	Proteobacteria	Gammaproteobacteria	Pseudomonadales	Pseudomonadaceae	Pseudomonas
Chlamy91	ICL_173	Bacteria	Proteobacteria	Gammaproteobacteria	Xanthomonadales	Xanthomonadaceae	Stenotrophomonas
Chlamy92	ICL_174B	Bacteria	Proteobacteria	Betaproteobacteria	Burkholderiales	Burkholderiaceae	Cupriavidus
Chlamy93	ICL_175	Bacteria	Proteobacteria	Gammaproteobacteria	Xanthomonadales	Xanthomonadaceae	Stenotrophomonas
Chlamy94	ICL_176	Bacteria	Bacteroidetes	Flavobacteriia	Flavobacteriales	Flavobacteriaceae	Chryseobacterium
Chlamy95	ICL_177A	Bacteria	Proteobacteria	Betaproteobacteria	Burkholderiales	Burkholderiaceae	Cupriavidus
Chlamy97	ICL_178	Bacteria	Bacteroidetes	Flavobacteriia	Flavobacteriales	Flavobacteriaceae	Chryseobacterium
Chlamy98	ICL_179A	Bacteria	Proteobacteria	Betaproteobacteria	Burkholderiales	Burkholderiaceae	Cupriavidus
Chlamy100	ICL_180A	Bacteria	Proteobacteria	Betaproteobacteria	Burkholderiales	Burkholderiaceae	Cupriavidus
Chlamy102	ICL_181	Bacteria	Bacteroidetes	Flavobacteriia	Flavobacteriales	Flavobacteriaceae	Chryseobacterium
Chlamy102	ICL_181	Bacteria	Proteobacteria	Gammaproteobacteria	Pseudomonadales	Pseudomonadaceae	Pseudomonas
Chlamy102	ICL_181	Bacteria	Proteobacteria	Gammaproteobacteria	Xanthomonadales	Xanthomonadaceae	Stenotrophomonas
Chlamy103	ICL_182	Bacteria	Bacteroidetes	Flavobacteriia	Flavobacteriales	Flavobacteriaceae	Chryseobacterium
Chlamy104	ICL_183A	Bacteria	Proteobacteria	Betaproteobacteria	Burkholderiales	Burkholderiaceae	Cupriavidus
Chlamy106	ICL_184A	Bacteria	Bacteroidetes	Flavobacteriia	Flavobacteriales	Flavobacteriaceae	Chryseobacterium
Chlamy106	ICL_184A	Bacteria	Proteobacteria	Gammaproteobacteria	Pseudomonadales	Pseudomonadaceae	Pseudomonas
Chlamy107	ICL_184BA	Bacteria	Proteobacteria	Gammaproteobacteria	Pseudomonadales	Pseudomonadaceae	Pseudomonas
Chlamy109	ICL_185A	Bacteria	Proteobacteria	Betaproteobacteria	Burkholderiales	Burkholderiaceae	Cupriavidus
Chlamy111	ICL_186A	Bacteria	Proteobacteria	Betaproteobacteria	Burkholderiales	Burkholderiaceae	Cupriavidus
Chlamy113	ICL_187	Bacteria	Actinobacteria	Actinobacteria	Actinomycetales	Micrococcaceae	Arthrobacter
Chlamy114	ICL_188	Bacteria	Proteobacteria	Betaproteobacteria	Burkholderiales	Burkholderiaceae	Cupriavidus
Chlamy115	ICL_189	Bacteria	Actinobacteria	Actinobacteria	Actinomycetales	Micrococcaceae	Arthrobacter
Chlamy116	ICL_190	Bacteria	Bacteroidetes	Flavobacteriia	Flavobacteriales	Flavobacteriaceae	Chryseobacterium
Chlamy117	ICL_191	Bacteria	Bacteroidetes	Flavobacteriia	Flavobacteriales	Flavobacteriaceae	Chryseobacterium
Chlamy118	ICL_192	Bacteria	Bacteroidetes	Flavobacteriia	Flavobacteriales	Flavobacteriaceae	Chryseobacterium
Chlamy119	ICL_193	Bacteria	Proteobacteria	Betaproteobacteria	Burkholderiales	Burkholderiaceae	Cupriavidus
Chlamy120	ICL_194	Bacteria	Bacteroidetes	Flavobacteriia	Flavobacteriales	Flavobacteriaceae	Chryseobacterium
Chlamy121	ICL_196	Bacteria	Bacteroidetes	Flavobacteriia	Flavobacteriales	Flavobacteriaceae	Chryseobacterium
Chlamy121	ICL_196	Bacteria	Cyanobacteria/Chloroplast	Cyanobacteria	Family IX	Family IX	GpIX
Chlamy121	ICL_196	Bacteria	Proteobacteria	Betaproteobacteria	Burkholderiales	Burkholderiaceae	Cupriavidus
Chlamy121	ICL_196	Bacteria	Proteobacteria	Gammaproteobacteria	Pseudomonadales	Pseudomonadaceae	Pseudomonas
Chlamy122	ICL_197	Bacteria	Bacteroidetes	Flavobacteriia	Flavobacteriales	Flavobacteriaceae	Chryseobacterium
Chlamy123	ICL_199	Bacteria	Proteobacteria	Gammaproteobacteria	Xanthomonadales	Xanthomonadaceae	Stenotrophomonas
Chlamy124	ICL_200	Bacteria	Bacteroidetes	Flavobacteriia	Flavobacteriales	Flavobacteriaceae	Chryseobacterium
Chlamy125	ICL_201	Bacteria	Proteobacteria	Gammaproteobacteria	Pseudomonadales	Pseudomonadaceae	Pseudomonas
Chlamy126	ICL_202A	Bacteria	Proteobacteria	Betaproteobacteria	Burkholderiales	Burkholderiaceae	Cupriavidus
Chlamy129	ICL_203	Bacteria	Bacteroidetes	Flavobacteriia	Flavobacteriales	Flavobacteriaceae	Chryseobacterium
Chlamy130	ICL_204	Bacteria	Proteobacteria	Gammaproteobacteria	Xanthomonadales	Xanthomonadaceae	Stenotrophomonas
Chlamy131	ICL_205	Bacteria	Bacteroidetes	Flavobacteriia	Flavobacteriales	Flavobacteriaceae	Chryseobacterium
Chlamy132	ICL_206	Bacteria	Actinobacteria	Actinobacteria	Actinomycetales	Micrococcaceae	Arthrobacter
Chlamy132	ICL_206	Bacteria	Proteobacteria	Betaproteobacteria	Burkholderiales	Burkholderiaceae	Cupriavidus
Chlamy133	ICL_208	Bacteria	Proteobacteria	Alphaproteobacteria	Caulobacterales	Caulobacteraceae	Brevundimonas
Chlamy134	ICL_208B	Bacteria	Actinobacteria	Actinobacteria	Actinomycetales	Micrococcaceae	Micrococcus
Chlamy135	ICL_20BA	Bacteria	Firmicutes	Bacilli	Bacillales	Bacillaceae	Bacillus
Chlamy137	ICL_21	Bacteria	Bacteroidetes	Flavobacteriia	Flavobacteriales	Flavobacteriaceae	Chryseobacterium
Chlamy138	ICL_210	Bacteria	Proteobacteria	Alphaproteobacteria	Caulobacterales	Caulobacteraceae	Brevundimonas
Chlamy139	ICL_211	Bacteria	Proteobacteria	Betaproteobacteria	Burkholderiales	Oxalobacteraceae	Massilia
Chlamy140	ICL_212	Bacteria	Proteobacteria	Alphaproteobacteria	Caulobacterales	Caulobacteraceae	Brevundimonas
Chlamy141	ICL_213	Bacteria	Proteobacteria	Betaproteobacteria	Burkholderiales	Oxalobacteraceae	Massilia
Chlamy141	ICL_213	Bacteria	Proteobacteria	Gammaproteobacteria	Pseudomonadales	Pseudomonadaceae	Pseudomonas
Chlamy142	ICL_214	Bacteria	Proteobacteria	Alphaproteobacteria	Caulobacterales	Caulobacteraceae	Brevundimonas
Chlamy143	ICL_216	Bacteria	Proteobacteria	Alphaproteobacteria	Caulobacterales	Caulobacteraceae	Brevundimonas
Chlamy143	ICL_216	Bacteria	Proteobacteria	Betaproteobacteria	Burkholderiales	Burkholderiaceae	Cupriavidus
Chlamy144	ICL_217	Bacteria	Proteobacteria	Betaproteobacteria	Burkholderiales	Oxalobacteraceae	Massilia
Chlamy145	ICL_218	Bacteria	Proteobacteria	Alphaproteobacteria	Caulobacterales	Caulobacteraceae	Brevundimonas
Chlamy146	ICL_22A	Bacteria	Proteobacteria	Alphaproteobacteria	Sphingomonadales	Sphingomonadaceae	Sphingopyxis
Chlamy147	ICL_22B	Bacteria	Proteobacteria	Alphaproteobacteria	Sphingomonadales	Sphingomonadaceae	Sphingopyxis
Chlamy148	ICL_23	Bacteria	Bacteroidetes	Flavobacteriia	Flavobacteriales	Flavobacteriaceae	Chryseobacterium
Chlamy149	ICL_24	Bacteria	Proteobacteria	Betaproteobacteria	Burkholderiales	Oxalobacteraceae	Massilia
Chlamy150	ICL_25	Bacteria	Proteobacteria	Alphaproteobacteria	Caulobacterales	Caulobacteraceae	Brevundimonas
Chlamy151	ICL_26	Bacteria	Proteobacteria	Betaproteobacteria	Burkholderiales	Oxalobacteraceae	Massilia
Chlamy152	ICL_27	Bacteria	Proteobacteria	Betaproteobacteria	Burkholderiales	Oxalobacteraceae	Massilia
Chlamy153	ICL_28	Bacteria	Proteobacteria	Betaproteobacteria	Burkholderiales	Oxalobacteraceae	Massilia
Chlamy154	ICL_29	Bacteria	Proteobacteria	Betaproteobacteria	Burkholderiales	Oxalobacteraceae	Massilia
Chlamy155	ICL_3	Bacteria	Proteobacteria	Alphaproteobacteria	Sphingomonadales	Sphingomonadaceae	Sphingomonas
Chlamy156	ICL_30	Bacteria	Proteobacteria	Betaproteobacteria	Burkholderiales	Oxalobacteraceae	Massilia
Chlamy157	ICL_31	Bacteria	Proteobacteria	Alphaproteobacteria	Caulobacterales	Caulobacteraceae	Brevundimonas
Chlamy158	ICL_33A	Bacteria	Bacteroidetes	Flavobacteriia	Flavobacteriales	Flavobacteriaceae	Chryseobacterium
Chlamy158	ICL_33A	Bacteria	Proteobacteria	Alphaproteobacteria	Sphingomonadales	Sphingomonadaceae	Sphingopyxis
Chlamy158	ICL_33A	Bacteria	Proteobacteria	Betaproteobacteria	Burkholderiales	Burkholderiaceae	Cupriavidus
Chlamy159	ICL_34	Bacteria	Proteobacteria	Alphaproteobacteria	Caulobacterales	Caulobacteraceae	Brevundimonas
Chlamy160	ICL_37	Bacteria	Actinobacteria	Actinobacteria	Actinomycetales	Microbacteriaceae	Microbacterium
Chlamy160	ICL_37	Bacteria	Proteobacteria	Alphaproteobacteria	Rhizobiales	Bradyrhizobiaceae	Bosea
Chlamy161	ICL_39	Bacteria	Proteobacteria	Alphaproteobacteria	Rhizobiales	Bradyrhizobiaceae	Bosea
Chlamy162	ICL_41	Bacteria	Actinobacteria	Actinobacteria	Actinomycetales	Microbacteriaceae	Microbacterium
Chlamy163	ICL_42A	Bacteria	Bacteroidetes	Flavobacteriia	Flavobacteriales	Flavobacteriaceae	Chryseobacterium
Chlamy163	ICL_42A	Bacteria	Cyanobacteria/Chloroplast	Chloroplast	Chloroplast	Chloroplast	Bacillariophyta
Chlamy163	ICL_42A	Bacteria	Proteobacteria	Alphaproteobacteria	Rhizobiales	Rhizobiaceae	Shinella
Chlamy163	ICL_42A	Bacteria	Proteobacteria	Betaproteobacteria	Burkholderiales	Comamonadaceae	Variovorax
Chlamy163	ICL_42A	Bacteria	Proteobacteria	Gammaproteobacteria	Aeromonadales	Aeromonadaceae	Aeromonas
Chlamy164	ICL_44	Bacteria	Proteobacteria	Alphaproteobacteria	Sphingomonadales	Sphingomonadaceae	Sphingomonas
Chlamy165	ICL_48	Bacteria	Proteobacteria	Gammaproteobacteria	Pseudomonadales	Pseudomonadaceae	Pseudomonas
Chlamy166	ICL_49	Bacteria	Bacteroidetes	Flavobacteriia	Flavobacteriales	Flavobacteriaceae	Chryseobacterium
Chlamy167	ICL_50	Bacteria	Proteobacteria	Alphaproteobacteria	Caulobacterales	Caulobacteraceae	Brevundimonas
Chlamy168	ICL_51	Bacteria	Bacteroidetes	Flavobacteriia	Flavobacteriales	Flavobacteriaceae	Chryseobacterium
Chlamy168	ICL_51	Bacteria	Proteobacteria	Betaproteobacteria	Burkholderiales	Oxalobacteraceae	Massilia
Chlamy169	ICL_52	Bacteria	Proteobacteria	Alphaproteobacteria	Caulobacterales	Caulobacteraceae	Brevundimonas
Chlamy170	ICL_53	Bacteria	Actinobacteria	Actinobacteria	Actinomycetales	Microbacteriaceae	Microbacterium
Chlamy170	ICL_53	Bacteria	Proteobacteria	Alphaproteobacteria	Sphingomonadales	Sphingomonadaceae	Sphingopyxis
Chlamy171	ICL_54	Bacteria	Proteobacteria	Alphaproteobacteria	Sphingomonadales	Sphingomonadaceae	Sphingomonas
Chlamy172	ICL_55	Bacteria	Proteobacteria	Alphaproteobacteria	Rhizobiales	Bradyrhizobiaceae	Bosea
Chlamy173	ICL_56	Bacteria	Proteobacteria	Betaproteobacteria	Burkholderiales	Comamonadaceae	Variovorax
Chlamy174	ICL_58	Bacteria	Actinobacteria	Actinobacteria	Actinomycetales	Microbacteriaceae	Microbacterium
Chlamy175	ICL_59	Bacteria	Actinobacteria	Actinobacteria	Actinomycetales	Microbacteriaceae	Microbacterium
Chlamy176	ICL_60	Bacteria	Firmicutes	Bacilli	Bacillales	Bacillaceae	Bacillus
Chlamy177	ICL_63A	Bacteria	Proteobacteria	Betaproteobacteria	Burkholderiales	Comamonadaceae	Variovorax
Chlamy178	ICL_63B	Bacteria	Proteobacteria	Betaproteobacteria	Burkholderiales	Comamonadaceae	Variovorax
Chlamy179	ICL_64	Bacteria	Proteobacteria	Alphaproteobacteria	Rhizobiales	Bradyrhizobiaceae	Bosea
Chlamy180	ICL_7	Bacteria	Proteobacteria	Alphaproteobacteria	Sphingomonadales	Sphingomonadaceae	Sphingomonas
Chlamy181	ICL_71	Bacteria	Proteobacteria	Alphaproteobacteria	Rhizobiales	Bradyrhizobiaceae	Bosea
Chlamy182	ICL_72	Bacteria	Proteobacteria	Betaproteobacteria	Burkholderiales	Burkholderiaceae	Cupriavidus
Chlamy183	ICL_73	Bacteria	Proteobacteria	Betaproteobacteria	Burkholderiales	Burkholderiaceae	Cupriavidus
Chlamy184	ICL_74	Bacteria	Bacteroidetes	Flavobacteriia	Flavobacteriales	Flavobacteriaceae	Chryseobacterium
Chlamy184	ICL_74	Bacteria	Proteobacteria	Betaproteobacteria	Burkholderiales	Oxalobacteraceae	Massilia
Chlamy185	ICL_75	Bacteria	Bacteroidetes	Flavobacteriia	Flavobacteriales	Flavobacteriaceae	Chryseobacterium
Chlamy185	ICL_75	Bacteria	Proteobacteria	Betaproteobacteria	Burkholderiales	Oxalobacteraceae	Massilia
Chlamy186	ICL_77	Bacteria	Bacteroidetes	Flavobacteriia	Flavobacteriales	Flavobacteriaceae	Chryseobacterium
Chlamy186	ICL_77	Bacteria	Proteobacteria	Alphaproteobacteria	Caulobacterales	Caulobacteraceae	Brevundimonas
Chlamy187	ICL_78	Bacteria	Proteobacteria	Betaproteobacteria	Burkholderiales	Burkholderiaceae	Cupriavidus
Chlamy188	ICL_79	Bacteria	Proteobacteria	Betaproteobacteria	Burkholderiales	Burkholderiaceae	Cupriavidus
Chlamy189	ICL_80	Bacteria	Bacteroidetes	Flavobacteriia	Flavobacteriales	Flavobacteriaceae	Chryseobacterium
Chlamy190	ICL_81	Bacteria	Proteobacteria	Betaproteobacteria	Burkholderiales	Burkholderiaceae	Cupriavidus
Chlamy191	ICL_82	Bacteria	Proteobacteria	Betaproteobacteria	Burkholderiales	Burkholderiaceae	Cupriavidus
Chlamy191	ICL_82	Bacteria	Proteobacteria	Gammaproteobacteria	Enterobacteriales	Enterobacteriaceae	Pantoea
Chlamy192	ICL_83	Bacteria	Proteobacteria	Gammaproteobacteria	Xanthomonadales	Xanthomonadaceae	Stenotrophomonas
Chlamy193	ICL_84	Bacteria	Bacteroidetes	Flavobacteriia	Flavobacteriales	Flavobacteriaceae	Chryseobacterium
Chlamy194	ICL_86	Bacteria	Proteobacteria	Betaproteobacteria	Burkholderiales	Comamonadaceae	Variovorax
Chlamy195	ICL_86	Bacteria	Bacteroidetes	Flavobacteriia	Flavobacteriales	Flavobacteriaceae	Chryseobacterium
Chlamy195	ICL_86	Bacteria	Proteobacteria	Alphaproteobacteria	Caulobacterales	Caulobacteraceae	Brevundimonas
Chlamy196	ICL_87	Bacteria	Proteobacteria	Betaproteobacteria	Burkholderiales	Comamonadaceae	Variovorax
Chlamy197	ICL_88	Bacteria	Bacteroidetes	Flavobacteriia	Flavobacteriales	Flavobacteriaceae	Chryseobacterium
Chlamy197	ICL_88	Bacteria	Proteobacteria	Betaproteobacteria	Burkholderiales	Comamonadaceae	Variovorax
Chlamy198	ICL_89	Bacteria	Proteobacteria	Betaproteobacteria	Burkholderiales	Comamonadaceae	Variovorax
Chlamy199	ICL_9	Bacteria	Proteobacteria	Alphaproteobacteria	Sphingomonadales	Sphingomonadaceae	Sphingomonas
Chlamy200	ICL_90	Bacteria	Proteobacteria	Betaproteobacteria	Burkholderiales	Comamonadaceae	Variovorax
Chlamy201	ICL_91	Bacteria	Proteobacteria	Betaproteobacteria	Burkholderiales	Comamonadaceae	Variovorax
Chlamy202	ICL_92	Bacteria	Proteobacteria	Betaproteobacteria	Burkholderiales	Comamonadaceae	Variovorax
Chlamy203	ICL_93	Bacteria	Bacteroidetes	Flavobacteriia	Flavobacteriales	Flavobacteriaceae	Chryseobacterium
Chlamy203	ICL_93	Bacteria	Proteobacteria	Betaproteobacteria	Burkholderiales	Comamonadaceae	Variovorax
Chlamy204	ICL_94	Bacteria	Bacteroidetes	Flavobacteriia	Flavobacteriales	Flavobacteriaceae	Chryseobacterium
Chlamy204	ICL_94	Bacteria	Proteobacteria	Betaproteobacteria	Burkholderiales	Comamonadaceae	Variovorax
Chlamy205	ICL_95	Bacteria	Actinobacteria	Actinobacteria	Actinomycetales	Microbacteriaceae	Microbacterium
Chlamy206	ICL_96	Bacteria	Proteobacteria	Betaproteobacteria	Burkholderiales	Comamonadaceae	Variovorax
Chlamy207	ICL_97	Bacteria	Proteobacteria	Betaproteobacteria	Burkholderiales	Comamonadaceae	Variovorax
Chlamy208	ICL_98	Bacteria	Proteobacteria	Betaproteobacteria	Burkholderiales	Comamonadaceae	Variovorax
Chlamy209	ICL_99	Bacteria	Proteobacteria	Betaproteobacteria	Burkholderiales	Comamonadaceae	Variovorax
Chlamy210	ICL_X	Bacteria	Proteobacteria	Betaproteobacteria	Burkholderiales	Burkholderiaceae	Cupriavidus
Chlamy211	ICL_X2	Bacteria	Proteobacteria	Gammaproteobacteria	Xanthomonadales	Xanthomonadaceae	Stenotrophomonas
